RowID,Name,StartDate,EndDate,DurationDays,WindSpeed_mph,WindSpeed_kmh,Pressure_hPa,Pressure_inHg,Areas_affected,Deaths,Damage_USD,Category
0,One,6/16/1921,6/26/1921,10,90,150,980,28.94,"Central America, Gulf of Mexico",0,NULL,1
1,Two,9/4/1921,9/8/1921,4,80,130,985,29.09,Mexico,215,19000000,1
2,Four,9/8/1921,9/14/1921,6,90,150,979,28.91,NULL,0,NULL,1
3,Three,9/18/1922,9/24/1922,6,80,130,987,29.15,NULL,0,NULL,1
4,Four,9/10/1923,9/13/1923,3,80,130,986,29.12,Newfoundland,0,NULL,1
5,Six,10/12/1923,10/17/1923,5,80,130,983,29.03,"Mexico, Gulf Coast of the United States",0,NULL,1
6,Five,9/13/1924,9/17/1924,4,85,140,980,28.94,United States East Coast,NULL,NULL,1
7,Eleven,11/5/1924,11/14/1924,9,80,130,994,29.35,"Cuba, The Bahamas",NULL,NULL,1
8,One,8/18/1925,8/24/1925,6,80,130,994,29.35,NULL,0,NULL,1
9,Two,9/2/1927,9/11/1927,9,90,150,1007,29.74,Cape Verde,0,NULL,1
10,Three,9/22/1927,9/29/1927,7,80,130,1005,29.68,NULL,19,4360000,1
11,1928 Haiti hurricane,8/7/1928,8/17/1928,10,90,150,998,29.47,"Windward Islands, Leeward Islands, Gulf Coast of the United States",210,2000000,1
12,Six,9/10/1928,9/15/1928,5,90,150,980,28.94,NULL,0,NULL,1
13,One,6/27/1929,6/30/1929,3,90,150,982,29,Gulf of Mexico,NULL,365000,1
14,Five,10/19/1929,10/22/1929,3,80,130,997,29.44,NULL,0,NULL,1
15,Eight,9/23/1931,9/28/1931,5,75,120,987,29.15,NULL,0,NULL,1
16,1932 Florida–Alabama hurricane,8/26/1932,9/2/1932,7,85,140,979,28.91,United States Gulf Coast,NULL,226000,1
17,1933 Florida–Mexico hurricane,7/23/1933,8/5/1933,13,90,150,975,28.79,"Leeward Islands, United States Gulf Coast, Mexico",NULL,500000,1
18,Fifteen,9/24/1933,9/27/1933,3,75,120,991,29.26,Azores,0,NULL,1
19,Eighteen,10/25/1933,11/7/1933,13,90,150,982,29,"Cuba, The Bahamas",23,3000000,1
20,Two,7/12/1934,7/16/1934,4,90,150,980,28.94,"Bermuda, Newfoundland and Labrador",0,NULL,1
21,Three,7/22/1934,7/26/1934,4,85,140,975,28.79,United States Gulf Coast,NULL,NULL,1
22,Five,8/26/1934,9/1/1934,6,80,130,989,29.21,United States Gulf Coast,NULL,NULL,1
23,1935 Jérémie hurricane,10/18/1935,10/27/1935,9,85,140,988,29.18,"Central America, Jamaica, Cuba, Haiti",2150,NULL,1
24,Three,6/26/1936,6/28/1936,2,80,130,987,29.15,Texas,NULL,550000,1
25,Eight,8/15/1936,8/20/1936,5,75,120,999,29.5,"Yucatán Peninsula, Tamaulipas",0,NULL,1
26,Eleven,8/28/1936,8/30/1936,2,80,130,1000,29.53,"Yucatán Peninsula, Veracruz",0,NULL,1
27,Eleven,10/19/1937,10/21/1937,2,80,130,995,29.38,NULL,0,NULL,1
28,Two,8/7/1939,8/19/1939,12,75,120,985,29.09,"Puerto Rico, Turks and Caicos Islands, The Bahamas, Eastern United States",0,2000,1
29,Six,10/28/1939,11/6/1939,9,90,150,989,29.21,"Honduras, The Caribbean, Bermuda",2,NULL,1
30,Eight,10/20/1940,10/24/1940,4,80,130,993,29.32,Nicaragua,NULL,NULL,1
31,Three,9/18/1941,9/25/1941,7,80,130,978,28.88,NULL,0,NULL,1
32,Two,8/17/1942,8/23/1942,6,80,130,992,29.29,Texas,0,790000,1
33,One,7/13/1944,7/18/1944,5,80,130,995,29.38,Bermuda,0,NULL,1
34,Three,7/30/1944,8/4/1944,5,80,130,985,29.09,"North Carolina, Mid-Atlantic states",0,2000000,1
35,Eight,9/19/1944,9/22/1944,3,80,130,996,29.41,Mexico,NULL,NULL,1
36,Twelve,10/11/1944,10/15/1944,4,80,130,998,29.47,NULL,0,NULL,1
37,Ten,10/2/1945,10/7/1945,5,90,150,982,29,"Belize, Guatemala, Honduras, Mexico",1,NULL,1
38,Two,7/5/1946,7/9/1946,4,80,130,1005,29.68,North Carolina,0,NULL,1
39,Three,8/18/1947,8/27/1947,9,80,130,984,29.06,"Cuba, Louisiana, Texas",1,800000,1
40,Five,9/1/1948,9/7/1948,6,80,130,983,29.03,"Louisiana, Mississippi, Midwestern United States",0,900000,1
41,Ten,11/8/1948,11/11/1948,3,75,120,990,29.23,NULL,0,NULL,1
42,Ten,9/20/1949,9/22/1949,2,80,130,1003,29.62,"Saint Croix, Puerto Rico, Dominican Republic",15,1012000,1
43,Thirteen,10/13/1949,10/19/1949,6,90,150,981,28.97,"Cuba, The Bahamas",0,NULL,1
44,Love,10/18/1950,10/22/1950,4,80,130,987,29.15,"Georgia, Louisiana, Southwestern Florida",0,NULL,1
45,Able,5/15/1951,5/23/1951,8,90,150,973,28.73,"Florida, Bahamas, North Carolina, South Carolina, Virginia",0,NULL,1
46,Dog,8/27/1951,9/5/1951,9,90,150,992,29.29,"Martinique, Saint Lucia, Hispaniola, Jamaica",7,3000000,1
47,Jig,10/15/1951,10/17/1951,2,75,120,990,29.23,"North Carolina, Virginia",0,NULL,1
48,Twelve,9/2/1951,9/11/1951,9,80,130,995,29.38,NULL,0,NULL,1
49,Barbara,8/11/1953,8/15/1953,4,90,150,973,28.73,"United States East Coast, Atlantic Canada",9,1300000,1
50,Dolly,9/8/1953,9/12/1953,4,75,120,989,29.21,"Virgin Islands, Puerto Rico, The Bahamas, Bermuda",0,NULL,1
51,Gail,10/2/1953,10/12/1953,10,80,130,986,29.12,NULL,0,NULL,1
52,Hazel,10/7/1953,10/10/1953,3,85,140,980,28.94,"Florida, Sable Island",0,250000,1
53,Dolly,8/31/1954,9/2/1954,2,85,140,994,29.35,NULL,0,NULL,1
54,Alice,12/30/1954,1/6/1955,7,90,150,980,28.94,"Saba, Anguilla, Lesser Antilles",0,623000,1
55,Gladys,9/3/1955,9/6/1955,3,90,150,996,29.41,"Western Mexico, Yucatán Peninsula",0,500000,1
56,Anna,7/25/1956,7/27/1956,2,85,140,991,29.26,Mexico,0,50000,1
57,Flossy,9/20/1956,9/25/1956,5,90,150,974,28.76,"Yucatán Peninsula, Louisiana, Mississippi, Alabama, Florida, Georgia, South Carolina, North Carolina, Virginia",15,24900000,1
58,Frieda,9/20/1957,9/26/1957,6,85,140,975,28.79,"Bermuda, Newfoundland",0,NULL,1
59,Fifi,9/4/1958,9/11/1958,7,85,140,1000,29.53,NULL,0,NULL,1
60,Escuminac (Three),6/18/1959,6/19/1959,1,85,140,974,28.76,"Florida, Atlantic Canada",35,2500000,1
61,Cindy,7/4/1959,7/11/1959,7,75,120,996,29.41,"The Carolinas, Mid-Atlantic states, New England, Canadian Maritime Provinces",6,75000,1
62,Debra,7/22/1959,7/27/1959,5,85,140,984,29.06,"Texas, Oklahoma, United States Gulf Coast, Midwestern United States",0,7000000,1
63,Flora,9/9/1959,9/12/1959,3,75,120,994,29.35,NULL,0,NULL,1
64,Judith,10/14/1959,10/22/1959,8,85,140,988,29.18,Florida,0,NULL,1
65,Abby,7/9/1960,7/17/1960,8,80,130,995,29.38,"Lesser Antilles, Puerto Rico, Leeward Antilles, Hispaniola, Jamaica, Nicaragua, Honduras, Belize, Guatemala, Mexico",6,640000,1
66,Cleo,8/17/1960,8/21/1960,4,85,140,995,29.38,"Greater Antilles, The Bahamas, Northeastern United States, Nova Scotia",0,NULL,1
67,Debbie,9/6/1961,9/16/1961,10,90,150,975,28.79,"Cape Verde, Azores, Ireland, United Kingdom, Norway, Soviet Union",78,50000000,1
68,Jenny,11/1/1961,11/10/1961,9,80,130,974,28.76,"Puerto Rico, Leeward Islands",0,NULL,1
69,Alma,8/26/1962,8/30/1962,4,85,140,984,29.06,"Puerto Rico, United States East Coast",1,1000000,1
70,Ten,11/28/1962,12/4/1962,6,90,150,988,29.18,United States East Coast,0,NULL,1
71,Four,9/9/1963,9/14/1963,5,80,130,990,29.23,Bermuda,0,NULL,1
72,Debra,9/19/1963,9/24/1963,5,75,120,999,29.5,NULL,0,NULL,1
73,Three,7/28/1964,8/2/1964,5,85,140,990,29.23,British Isles,0,NULL,1
74,Carol,9/16/1965,9/30/1965,14,90,150,974,28.76,Azores,0,NULL,1
75,Becky,7/1/1966,7/3/1966,2,75,120,985,29.09,NULL,0,NULL,1
76,Celia,7/13/1966,7/21/1966,8,80,130,995,29.38,"Atlantic Canada, Quebec",0,NULL,1
77,Dorothy,7/22/1966,7/30/1966,8,85,140,989,29.21,NULL,0,NULL,1
78,Lois,11/4/1966,11/11/1966,7,80,130,986,29.12,Azores,0,NULL,1
79,Arlene,8/28/1967,9/4/1967,7,85,140,982,29,Newfoundland,0,NULL,1
80,Doria,9/8/1967,9/21/1967,13,85,140,973,28.73,United States East Coast,3,150000,1
81,Fern,10/1/1967,10/4/1967,3,85,140,987,29.15,"Mexico, Texas",3,NULL,1
82,Heidi,10/19/1967,10/31/1967,12,90,150,981,28.97,Bermuda,0,NULL,1
83,Abby,6/1/1968,6/13/1968,12,75,120,992,29.29,"Cuba, Florida, Georgia, The Carolinas",6,450000,1
84,Brenda,6/17/1968,6/26/1968,9,75,120,990,29.23,Florida,0,NULL,1
85,Dolly,8/10/1968,8/17/1968,7,80,130,985,29.09,"The Carolinas, Florida, Azores",0,NULL,1
86,Gladys,10/13/1968,10/21/1968,8,85,140,965,28.5,"Cuba, Florida, United States East Coast, Nova Scotia",11,18700000,1
87,Blanche,8/11/1969,8/12/1969,1,85,140,997,29.44,Sable Island,0,NULL,1
88,Holly,9/14/1969,9/21/1969,7,85,140,984,29.06,Leeward Islands,0,NULL,1
89,Ten,9/21/1969,9/26/1969,5,75,120,985,29.09,NULL,0,NULL,1
90,Seventeen,10/31/1969,11/7/1969,7,75,120,988,29.18,NULL,0,NULL,1
91,Martha,11/21/1969,11/25/1969,4,90,150,975,28.79,"Panama, Costa Rica",5,30000000,1
92,Alma,5/17/1970,5/26/1970,9,75,120,993,29.32,"Cayman Islands, Jamaica, Cuba, Southeastern United States",8,NULL,1
93,Nineteen,10/20/1970,10/28/1970,8,80,130,988,29.18,NULL,0,NULL,1
94,Two,8/3/1971,8/7/1971,4,85,140,974,28.76,NULL,0,NULL,1
95,Beth,8/10/1971,8/16/1971,6,85,140,977,28.85,"The Bahamas, Florida, Nova Scotia, Newfoundland",1,5100000,1
96,Fern,9/3/1971,9/13/1971,10,90,150,979,28.91,"Louisiana, Texas, northern Mexico",2,30200000,1
97,Irene,9/11/1971,9/20/1971,9,80,130,989,29.21,"Lesser Antilles, Leeward Antilles, Central America",3,1000000,1
98,Agnes,6/14/1972,6/23/1972,9,90,150,977,28.85,"Yucatán Peninsula, western Cuba, Florida Panhandle, Georgia, North Carolina, Virginia, Maryland, Pennsylvania, New York, Atlantic Canada",128,2100000000,1
99,Dawn,9/5/1972,9/14/1972,9,80,130,997,29.44,Southeastern United States,0,NULL,1
100,Alice,7/1/1973,7/7/1973,6,90,150,986,29.12,"Bermuda, Newfoundland",0,NULL,1
101,Brenda,8/18/1973,8/22/1973,4,90,150,977,28.85,"Cayman Islands, Mexico",10,NULL,1
102,Fran,10/8/1973,10/12/1973,4,80,130,978,28.88,Azores,0,NULL,1
103,Gertrude,9/25/1974,10/4/1974,9,75,120,999,29.5,Windward Islands,0,NULL,1
104,Blanche,7/23/1975,7/28/1975,5,85,140,980,28.94,"Maine, Nova Scotia",0,6200000,1
105,Candice,8/18/1976,8/24/1976,6,90,150,964,28.47,NULL,0,NULL,1
106,Holly,10/22/1976,10/28/1976,6,75,120,990,29.23,NULL,0,NULL,1
107,Babe,9/3/1977,9/9/1977,6,75,120,995,29.38,"Florida, Louisiana, Alabama, Mississippi, Tennessee, Georgia, South Carolina, North Carolina and Virginia",0,13000000,1
108,Clara,9/5/1977,9/11/1977,6,75,120,993,29.32,"The Carolinas, Nova Scotia",0,NULL,1
109,Dorothy,9/26/1977,9/29/1977,3,85,140,980,28.94,"Bermuda, Newfoundland",0,NULL,1
110,Evelyn,10/13/1977,10/15/1977,2,80,130,994,29.35,"Bermuda, Nova Scotia, Newfoundland",0,NULL,1
111,Cora,8/7/1978,8/12/1978,5,90,150,980,28.94,"Windward Islands, St. Lucia, Barbados, Grenada",1,NULL,1
112,Kendra,10/28/1978,11/1/1978,4,80,130,990,29.23,"Puerto Rico, United States East Coast",1,6000000,1
113,Bob,7/9/1979,7/16/1979,7,75,120,983,29.03,"Louisiana, Mississippi, Alabama, Midwestern United States",1,20000000,1
114,Henri,9/15/1979,9/24/1979,9,85,140,986,29.12,"Mexico, Florida",0,NULL,1
115,Charley,8/20/1980,8/25/1980,5,80,130,989,29.21,North Carolina,7,NULL,1
116,Georges,9/1/1980,9/8/1980,7,80,130,993,29.32,Newfoundland,0,NULL,1
117,Earl,9/4/1980,9/10/1980,6,75,120,985,29.09,NULL,0,NULL,1
118,Karl,11/25/1980,11/28/1980,3,85,140,985,29.09,NULL,0,NULL,1
119,Dennis,8/7/1981,8/21/1981,14,80,130,995,29.38,"Lesser Antilles, Greater Antilles, The Bahamas, Florida, Georgia, The Carolinas, Virginia",0,15000000,1
120,Emily,8/31/1981,9/11/1981,11,90,150,966,28.53,NULL,0,NULL,1
121,Katrina,11/3/1981,11/7/1981,4,85,140,980,28.94,"Cayman Islands, Jamaica, Cuba, The Bahamas, Turks and Caicos Islands",2,NULL,1
122,Alberto,6/1/1982,6/6/1982,5,85,140,985,29.09,"Cuba, Florida",23,85000000,1
123,Barry,8/23/1983,8/29/1983,6,80,130,986,29.12,"Florida, Texas, Mexico",0,NULL,1
124,Chantal,9/10/1983,9/15/1983,5,75,120,994,29.35,NULL,0,NULL,1
125,Hortense,9/23/1984,10/2/1984,9,75,120,993,29.32,NULL,0,NULL,1
126,Klaus,11/5/1984,11/13/1984,8,90,150,971,28.67,"Puerto Rico, Leeward Islands",2,152000000,1
127,Lili,12/12/1984,12/24/1984,12,80,130,980,28.94,"Puerto Rico, Hispaniola",0,NULL,1
128,Bob,7/21/1985,7/26/1985,5,75,120,1002,29.59,United States East Coast,5,20000000,1
129,Claudette,8/9/1985,8/16/1985,7,85,140,980,28.94,"Bermuda, Azores",0,NULL,1
130,Danny,8/12/1985,8/18/1985,6,90,150,987,29.15,"Cuba, United States Gulf Coast, Tennessee, The Carolinas, Virginia",5,100000000,1
131,Juan,10/26/1985,11/21/1985,26,85,140,971,28.67,"United States Gulf Coast, central United States, Canada",12,1500000000,1
132,Bonnie,6/23/1986,6/26/1986,3,85,140,992,29.29,"Texas, Louisiana, Southeastern United States",5,42000000,1
133,Charley,8/13/1986,8/20/1986,7,80,130,987,29.15,"United States East Coast, United Kingdom",15,15000000,1
134,Frances,11/16/1986,11/21/1986,5,85,140,1000,29.53,NULL,0,NULL,1
135,Arlene,8/10/1987,8/23/1987,13,75,120,987,29.15,"The Bahamas, Bermuda",0,8000,1
136,Floyd,10/9/1987,10/13/1987,4,75,120,993,29.32,"Cuba, Florida, The Bahamas",1,500000,1
137,Debby,8/31/1988,9/8/1988,8,75,120,991,29.26,Mexico,20,NULL,1
138,Florence,9/7/1988,9/11/1988,4,80,130,982,29,"Yucatán Peninsula, Louisiana, Mississippi, Alabama, Florida",1,2900000,1
139,Chantal,7/30/1989,8/3/1989,4,80,130,984,29.06,"Texas, Louisiana, Oklahoma, Midwestern United States",13,100000000,1
140,Felix,8/25/1989,9/9/1989,15,85,140,979,28.91,NULL,0,NULL,1
141,Jerry,10/12/1989,10/16/1989,4,85,140,982,29,"Texas, eastern United States",3,70000000,1
142,Bertha,7/24/1990,8/2/1990,9,80,130,973,28.73,"The Bahamas, United States East Coast, Bermuda, Atlantic Canada",9,3910000,1
143,Josephine,9/21/1990,10/6/1990,15,85,140,980,28.94,NULL,0,NULL,1
144,Klaus,10/3/1990,10/9/1990,6,80,130,985,29.09,"Lesser Antilles, Puerto Rico, Hispaniola, Turks and Caicos Islands, The Bahamas, Southeastern United States",11,1000000,1
145,Lili,10/6/1990,10/14/1990,8,75,120,987,29.15,"Bermuda, United States East Coast, Atlantic Canada",0,NULL,1
146,Nana,10/16/1990,10/21/1990,5,85,140,989,29.21,Bermuda,0,NULL,1
147,1991 Perfect Storm,10/31/1991,11/2/1991,2,75,120,980,28.94,"Northeastern United States, Mid-Atlantic states, Eastern Canada",13,200000000,1
148,Frances,10/23/1992,10/27/1992,4,85,140,976,28.82,"Newfoundland, Iberian Peninsula",0,NULL,1
149,Floyd,9/7/1993,9/10/1993,3,75,120,990,29.23,Newfoundland,0,NULL,1
150,Harvey,9/18/1993,9/21/1993,3,75,120,990,29.23,NULL,0,NULL,1
151,Chris,8/16/1994,8/23/1994,7,80,130,979,28.91,Bermuda,0,NULL,1
152,Gordon,11/8/1994,11/21/1994,13,85,140,980,28.94,"Central America, Cayman Islands, Jamaica, Hispaniola, Cuba, Turks and Caicos Islands, The Bahamas, Florida, Georgia, Mid-Atlantic states",1152,594000000,1
153,Allison,6/3/1995,6/6/1995,3,75,120,987,29.15,"Yucatán Peninsula, western Cuba, Florida, Georgia, The Carolinas, Atlantic Canada",1,1700000,1
154,Noel,9/28/1995,10/7/1995,9,75,120,987,29.15,NULL,0,NULL,1
155,Tanya,10/26/1995,11/1/1995,6,85,140,972,28.7,Azores,1,NULL,1
156,Cesar,7/24/1996,7/28/1996,4,85,140,985,29.09,"Windward Islands, Trinidad and Tobago, Leeward Antilles, Venezuela, Colombia, Mexico, Socorro Island, Panama, Guatemala, El Salvador",113,203000000,1
157,Dolly,8/19/1996,8/25/1996,6,80,130,989,29.21,"Belize, Mexico, Texas",14,NULL,1
158,Marco,11/16/1996,11/26/1996,10,75,120,983,29.03,"Cuba, Hispaniola, Central America, Jamaica, Florida",15,8200000,1
159,Bill,7/11/1997,7/13/1997,2,75,120,986,29.12,Newfoundland,0,NULL,1
160,Danny,7/16/1997,7/26/1997,10,80,130,984,29.06,"Louisiana, Alabama, Southeastern United States, Mid-Atlantic states, New England",9,100000000,1
161,Ivan,9/19/1998,9/27/1998,8,90,150,975,28.79,NULL,0,NULL,1
162,Lisa,10/5/1998,10/9/1998,4,75,120,995,29.38,NULL,0,NULL,1
163,Nicole,11/24/1998,12/1/1998,7,85,140,979,28.91,NULL,0,NULL,1
164,Debby,8/19/2000,8/24/2000,5,85,140,991,29.26,"Lesser Antilles, Puerto Rico, Hispaniola, Turks and Caicos Islands, Cuba, Jamaica",1,735000,1
165,Florence,9/10/2000,9/19/2000,9,80,130,985,29.09,"United States East Coast, Bermuda, Atlantic Canada",3,NULL,1
166,Gordon,9/14/2000,9/21/2000,7,80,130,981,28.97,"Belize, Yucatán Peninsula, Cuba, United States East Coast, Atlantic Canada",26,10800000,1
167,Joyce,9/29/2000,10/2/2000,3,90,150,975,28.79,"Trinidad and Tobago, Windward Islands, Leeward Islands",0,NULL,1
168,Gabrielle,9/11/2001,9/19/2001,8,80,130,975,28.79,"Florida, Newfoundland",3,NULL,1
169,Karen,10/12/2001,10/15/2001,3,80,130,982,29,"Bermuda, Atlantic Canada",0,1400000,1
170,Noel,11/4/2001,11/6/2001,2,75,120,986,29.12,Atlantic Canada,0,NULL,1
171,Olga,11/24/2001,12/7/2001,13,90,150,973,28.73,"Bermuda, The Bahamas, Cuba, Florida",0,NULL,1
172,Kyle,9/20/2002,10/14/2002,24,85,140,980,28.94,"Bermuda, Florida, Georgia, The Carolinas, British Isles",1,5000000,1
173,Claudette,7/8/2003,7/17/2003,9,90,150,979,28.91,"Windward Islands, Jamaica, Yucatán Peninsula, Northern Mexico, Texas",3,181000000,1
174,Danny,7/16/2003,7/21/2003,5,75,120,1000,29.53,NULL,0,NULL,1
175,Erika,8/14/2003,8/17/2003,3,75,120,986,29.12,"Florida, Mexico, Southern Texas",2,100000,1
176,Gaston,8/27/2004,9/3/2004,7,75,120,985,29.09,"The Carolinas, Virginia, Maryland, Delaware, Massachusetts",9,130000000,1
177,Lisa,9/19/2004,10/3/2004,14,75,120,987,29.15,NULL,0,NULL,1
178,Cindy,7/3/2005,7/12/2005,9,75,120,991,29.26,"Yucatán Peninsula, The Carolinas, Alabama, Mississippi, Louisiana",3,320000000,1
179,Nate,9/5/2005,9/13/2005,8,90,150,976,28.82,"Bermuda, United States East Coast, Scotland, Norway",2,NULL,1
180,Ophelia,9/6/2005,9/23/2005,17,85,140,976,28.82,"The Bahamas, Eastern Coast of the United States, Atlantic Canada, Europe",3,70000000,1
181,Philippe,9/17/2005,9/23/2005,6,80,130,985,29.09,Bermuda,0,NULL,1
182,Stan,10/1/2005,10/5/2005,4,80,130,977,28.85,"Costa Rica, Nicaragua, Honduras, El Salvador, Belize, Guatemala, Mexico",1668,3960000000,1
183,Vince,10/8/2005,10/11/2005,3,75,120,988,29.18,"Madeira Islands, Southern Portugal, Southwestern Spain",0,NULL,1
184,Epsilon,11/29/2005,12/10/2005,11,85,140,981,28.97,NULL,0,NULL,1
185,Ernesto,8/24/2006,9/1/2006,8,75,120,985,29.09,"Lesser Antilles, Puerto Rico, Hispaniola, Cuba, United States East Coast, Atlantic Canada",11,500000000,1
186,Florence,9/3/2006,9/18/2006,15,90,150,974,28.76,"Bermuda, Newfoundland, United States East Coast, Atlantic Canada, Iceland, Greenland",0,200000,1
187,Isaac,9/27/2006,10/2/2006,5,85,140,985,29.09,Newfoundland,0,NULL,1
188,Humberto,9/12/2007,9/14/2007,2,90,150,985,29.09,"Texas, Louisiana, Mississippi, The Carolinas",1,50000000,1
189,Karen,9/25/2007,9/29/2007,4,75,120,988,29.18,NULL,0,NULL,1
190,Lorenzo,9/25/2007,9/28/2007,3,80,130,990,29.23,Central Mexico,6,92000000,1
191,Noel,10/28/2007,11/7/2007,10,80,130,980,28.94,"The Caribbean, The Bahamas, Florida, Eastern United States, Eastern Canada, Greenland, Western Europe",222,580000000,1
192,Hanna,8/28/2008,9/12/2008,15,85,140,977,28.85,"Puerto Rico, Turks and Caicos Islands, The Bahamas, Hispaniola, United States East Coast, Atlantic Canada",537,160000000,1
193,Kyle,9/25/2008,9/30/2008,5,85,140,984,29.06,"Puerto Rico, Hispaniola, Bermuda, New England, Atlantic Canada",8,57100000,1
194,Four,10/11/1922,10/22/1922,11,110,175,984,29.06,"Colombia, Yucatán Peninsula, Tabasco",0,NULL,2
195,Two,9/1/1923,9/9/1923,8,105,165,989,29.21,NULL,0,NULL,2
196,Four,8/26/1924,9/3/1924,8,110,175,965,28.5,"Guadeloupe, Montserrat, Anguilla, Saint Thomas, Leeward Islands",89,NULL,2
197,Five,9/10/1926,9/14/1926,4,105,165,1000,29.53,NULL,0,NULL,2
198,Eight,9/21/1926,10/1/1926,10,105,165,978,28.88,Azores,0,NULL,2
199,Four,9/23/1927,9/28/1927,5,110,175,967,28.56,NULL,0,NULL,2
200,One,8/3/1928,8/10/1928,7,105,165,971,28.67,"Bahamas, Florida, Georgia, South Carolina",2,235000,2
201,Seven,9/8/1931,9/16/1931,8,100,155,987,29.15,"Puerto Rico, Dominican Republic, Haiti, Jamaica, Belize, Yucatán Peninsula, Veracruz",2,NULL,2
202,Fifteen,11/3/1932,11/10/1932,7,100,155,973,28.73,Azores,0,NULL,2
203,Two,6/24/1933,7/8/1933,14,110,175,965,28.5,"Trinidad, Venezuela, Jamaica, Cayman Islands, Cuba, Tamaulipas",35,7500000,2
204,Thirteen,9/10/1933,9/15/1933,5,110,175,960,28.35,"Guatemala, Belize, Quintana Roo, Yucatán Peninsula, Tampico",67,NULL,2
205,One,6/4/1934,6/18/1934,14,100,155,966,28.53,"Belize, Guatemala, Chiapas, Yucatán Peninsula, Louisiana, Mississippi, Tennessee",NULL,4400000,2
206,Seven,9/3/1934,9/7/1934,4,105,165,967,28.56,United States East Coast,8,10000,2
207,Ten,10/1/1934,10/4/1934,3,100,155,984,29.06,NULL,0,NULL,2
208,Seven,10/30/1935,11/8/1935,9,105,165,964,28.47,"The Bahamas, Florida",19,5500000,2
209,Five,7/27/1936,8/1/1936,5,105,165,964,28.47,"Bahamas, Florida, Alabama",4,200000,2
210,Ten,8/25/1936,9/5/1936,11,110,175,959,28.32,NULL,0,NULL,2
211,Fifteen,9/18/1936,9/25/1936,7,105,165,977,28.85,Nova Scotia,0,NULL,2
212,Four,9/9/1937,9/14/1937,5,100,155,992,29.29,"Nova Scotia, Canada",0,1500000,2
213,Eight,9/20/1937,9/26/1937,6,100,155,982,29,NULL,0,NULL,2
214,Two,8/3/1940,8/10/1940,7,100,155,972,28.7,"Texas, Louisiana, Arkansas",7,10750000,2
215,Three,8/5/1940,8/14/1940,9,100,155,972,28.7,"South Carolina, Mid-Atlantic states",52,13000000,2
216,Four,8/26/1940,9/2/1940,7,110,175,961,28.38,"North Carolina, New England, Nova Scotia, Quebec",7,4050000,2
217,Five,9/7/1940,9/17/1940,10,100,155,988,29.18,"Nova Scotia, Newfoundland",3,1490000,2
218,Seven,9/22/1940,9/28/1940,6,100,155,977,28.85,Azores,0,NULL,2
219,Four,8/25/1942,9/3/1942,9,110,175,NULL,NULL,NULL,0,NULL,2
220,Eleven,11/5/1942,11/11/1942,6,110,175,992,29.29,"Cuba, Belize, Mexico",9,9000000,2
221,One,7/25/1943,7/30/1943,5,105,165,967,28.56,"Texas, Louisiana",19,17000000,2
222,Six,9/15/1943,9/20/1943,5,100,155,NULL,NULL,United States Gulf Coast,0,419000,2
223,Nine,10/11/1943,10/17/1943,6,110,175,NULL,NULL,"Leeward Islands, Puerto Rico, Bermuda",0,300000,2
224,Nine,9/21/1944,9/26/1944,5,100,155,NULL,NULL,NULL,0,NULL,2
225,One,6/20/1945,6/27/1945,7,100,155,985,29.09,United States East Coast,1,750000,2
226,Eleven,10/10/1945,10/13/1945,3,100,155,982,29,"Greater Antilles, Bahamas",5,2000000,2
227,Four,9/12/1946,9/15/1946,3,100,155,975,28.79,"Bahamas, Nova Scotia, Newfoundland",0,NULL,2
228,Six,10/5/1946,10/9/1946,4,100,155,977,28.85,"Cuba, Florida, Georgia, South Carolina",5,5200000,2
229,Charlie,8/9/1947,8/16/1947,7,110,175,977,28.85,"Quintana Roo, Tamaulipas",48,NULL,2
230,King,10/8/1947,10/16/1947,8,105,165,965,28.5,"Honduras, Florida, Alabama",1,3260000,2
231,One,8/21/1949,8/25/1949,4,110,175,974,28.76,North Carolina,2,50000,2
232,Eleven,9/27/1949,10/6/1949,9,110,175,965,28.5,"Guatemala, Campeche, Texas",2,6700000,2
233,Baker,8/18/1950,9/1/1950,14,105,165,978,28.88,"Leeward Islands, Puerto Rico, Hispaniola, Cuba, United States Gulf Coast",38,2500000,2
234,Charlie,8/21/1950,9/5/1950,15,110,175,974,28.76,NULL,0,NULL,2
235,George,9/27/1950,10/5/1950,8,110,175,960,28.35,Iceland,0,NULL,2
236,Item,10/8/1950,10/11/1950,3,105,165,976,28.82,"Yucatán Peninsula, Western Mexico",0,1500000,2
237,How,9/29/1951,10/5/1951,6,100,155,972,28.7,"Florida, Iceland",17,2000000,2
238,Able,8/18/1952,9/3/1952,16,100,155,980,28.94,"South Carolina, North Carolina, Virginia, Maryland",3,21700000,2
239,Baker,8/31/1952,9/8/1952,8,110,175,969,28.61,NULL,0,NULL,2
240,Easy,10/6/1952,10/11/1952,5,105,165,968,28.59,NULL,0,NULL,2
241,Alice,6/24/1954,6/27/1954,3,110,175,975,28.79,Mexico,56,2000000,2
242,Thirteen,9/25/1954,10/6/1954,11,100,155,964,28.47,NULL,0,NULL,2
243,Diane,8/7/1955,8/20/1955,13,105,165,969,28.61,"North Carolina, Pennsylvania, New York, New Jersey, New England",184,754700000,2
244,Edith,8/21/1955,8/31/1955,10,105,165,967,28.56,NULL,0,NULL,2
245,Flora,9/2/1955,9/9/1955,7,105,165,967,28.56,NULL,0,NULL,2
246,Katie,10/14/1955,10/19/1955,5,110,175,984,29.06,"Central America, Dominican Republic, Hispaniola, Puerto Rico, Cuba, Bahamas, Dominica",7,200000,2
247,Greta,10/31/1956,11/6/1956,6,100,155,970,28.64,"Cuba, Bahamas, Florida, Guadeloupe",1,3580000,2
248,Ella,8/30/1958,9/6/1958,7,110,175,983,29.03,"Haiti, Dominican Republic, Cuba, Louisiana, Texas",37,NULL,2
249,Ilsa,9/24/1958,9/30/1958,6,110,175,956,28.23,Bermuda,0,NULL,2
250,Janice,10/4/1958,10/11/1958,7,100,155,968,28.59,"Jamaica, Cuba, Bahamas",9,200000,2
251,Anna,7/20/1961,7/24/1961,4,105,165,976,28.82,"Windward Islands, Colombia, Venezuela, Central America, Jamaica",1,300000,2
252,Daisy,9/29/1962,10/7/1962,8,105,165,963,28.44,"Leeward Islands, Bermuda, New England, Atlantic Canada",32,1100000,2
253,Ella,10/14/1962,10/22/1962,8,110,175,958,28.29,"Cuba, United States East Coast, Atlantic Canada",2,NULL,2
254,Edith,9/23/1963,9/29/1963,6,100,155,990,29.23,"Lesser Antilles, Puerto Rico, Hispaniola, Turks and Caicos Islands, Bahamas",10,46600000,2
255,Ginny,10/17/1963,10/29/1963,12,110,175,948,27.99,"Hispaniola, Turks and Caicos Islands, The Bahamas, United States East Coast, Nova Scotia, Newfoundland",5,500000,2
256,Ethel,9/4/1964,9/14/1964,10,105,165,974,28.76,Bermuda,0,NULL,2
257,Anna,8/21/1965,8/25/1965,4,105,165,976,28.82,NULL,0,NULL,2
258,Elena,10/12/1965,10/19/1965,7,110,175,977,28.85,NULL,0,NULL,2
259,Chloe,9/5/1967,9/21/1967,16,110,175,958,28.29,"Cape Verde, Spain, France",14,NULL,2
260,Kara,10/7/1969,10/18/1969,11,105,165,978,28.88,North Carolina,0,NULL,2
261,Laurie,10/17/1969,10/27/1969,10,105,165,973,28.73,Mexico,0,NULL,2
262,Eighteen,10/12/1970,10/17/1970,5,105,165,974,28.76,"Bermuda, Nova Scotia, Newfoundland",0,NULL,2
263,Ginger,9/6/1971,10/3/1971,27,110,175,959,28.32,"Bahamas, North Carolina",1,10000000,2
264,Betty,8/22/1972,9/1/1972,10,105,165,976,28.82,NULL,0,NULL,2
265,Fifi,9/14/1974,9/22/1974,8,110,175,971,28.67,"Hispaniola, Jamaica, Mexico, Central America",8210,1800000000,2
266,Doris,8/28/1975,9/4/1975,7,110,175,965,28.5,NULL,0,NULL,2
267,Faye,9/18/1975,9/29/1975,11,105,165,977,28.85,Bermuda,0,NULL,2
268,Emmy,8/20/1976,9/4/1976,15,105,165,974,28.76,"Lesser Antilles, Azores",68,NULL,2
269,Gloria,9/26/1976,10/4/1976,8,105,165,970,28.64,NULL,0,NULL,2
270,Flossie,9/4/1978,9/15/1978,11,100,155,976,28.82,NULL,0,NULL,2
271,Gloria,9/4/1979,9/15/1979,11,100,155,975,28.79,NULL,0,NULL,2
272,Bonnie,8/14/1980,8/19/1980,5,100,155,975,28.79,NULL,0,NULL,2
273,Ivan,10/4/1980,10/11/1980,7,105,165,970,28.64,NULL,0,NULL,2
274,Jeanne,11/8/1980,11/16/1980,8,100,155,986,29.12,"Florida, Gulf of Mexico, United States Gulf Coast",0,NULL,2
275,Gert,9/7/1981,9/15/1981,8,105,165,988,29.18,Puerto Rico,0,NULL,2
276,Josephine,10/7/1984,10/18/1984,11,105,165,965,28.5,United States East Coast,1,NULL,2
277,Earl,9/10/1986,9/18/1986,8,105,165,979,28.91,NULL,0,NULL,2
278,Dean,7/31/1989,8/9/1989,9,105,165,968,28.59,"Leeward Islands, Bermuda, North Carolina, Newfoundland",0,8900000,2
279,Erin,8/18/1989,8/27/1989,9,105,165,968,28.59,Cape Verde,0,NULL,2
280,Diana,8/4/1990,8/9/1990,5,100,155,980,28.94,Central America,139,NULL,2
281,Isidore,9/4/1990,9/17/1990,13,100,155,978,28.88,NULL,NULL,NULL,2
282,Grace,10/25/1991,10/29/1991,4,105,165,980,28.94,NULL,NULL,NULL,2
283,Bonnie,9/17/1992,9/30/1992,13,110,175,965,28.5,Azores,1,NULL,2
284,Charley,9/21/1992,9/27/1992,6,110,175,965,28.5,Azores,NULL,NULL,2
285,Gert,9/14/1993,9/21/1993,7,100,155,970,28.64,Central America,76,NULL,2
286,Florence,11/2/1994,11/8/1994,6,110,175,972,28.7,NULL,NULL,NULL,2
287,Erin,7/31/1995,8/6/1995,6,100,155,973,28.73,"Florida, Mid-Atlantic States, New England",NULL,NULL,2
288,Humberto,8/21/1995,9/1/1995,11,110,175,968,28.59,NULL,NULL,NULL,2
289,Iris,8/22/1995,9/4/1995,13,110,175,965,28.5,"Antigua, Montserrat, Barbuda",NULL,NULL,2
290,Danielle,8/24/1998,9/3/1998,10,105,165,960,28.35,"Puerto Rico, United States East Coast, Atlantic Canada, United Kingdom",NULL,NULL,2
291,Earl,8/31/1998,9/3/1998,3,100,155,985,29.09,"Mexico, Florida",3,NULL,2
292,Jeanne,9/21/1998,10/1/1998,10,105,165,969,28.61,NULL,NULL,NULL,2
293,Karl,9/23/1998,9/28/1998,5,105,165,970,28.64,NULL,NULL,NULL,2
294,Dennis,8/24/1999,9/7/1999,14,105,165,962,28.41,"The Bahamas, United States East Coast, Atlantic Canada",4,NULL,2
295,Irene,10/12/1999,10/19/1999,7,110,175,958,28.29,"Cuba, Southeastern United States",18,NULL,2
296,Jose,10/17/1999,10/25/1999,8,100,155,979,28.91,"Lesser Antilles, Puerto Rico",2,NULL,2
297,Michael,10/15/2000,10/20/2000,5,100,155,965,28.5,"Bermuda, United States East Coast, Atlantic Canada",NULL,NULL,2
298,Humberto,9/21/2001,9/27/2001,6,105,165,970,28.64,NULL,NULL,NULL,2
299,Gustav,9/8/2002,9/12/2002,4,100,155,960,28.35,"North Carolina, Virginia, New Jersey",4,NULL,2
300,Juan,9/24/2003,9/29/2003,5,110,175,969,28.61,Canada,8,NULL,2
301,Danielle,8/13/2004,8/21/2004,8,110,175,964,28.47,Cape Verde,NULL,NULL,2
302,Irene,8/4/2005,8/18/2005,14,105,165,970,28.64,United States East Coast,1,NULL,2
303,Dolly,7/20/2008,7/27/2008,7,100,155,963,28.44,"Guatemala, Mexico, South Central United States",26,NULL,2
304,Ida,11/1/2009,11/10/2009,9,105,165,975,28.79,"Nicaragua, Yucatán Peninsula, Cuba, Southeastern United States",4,NULL,2
305,Alex,6/25/2010,7/2/2010,7,110,175,946,27.94,"Greater Antilles, Belize, Mexico, Texas",52,NULL,2
306,Paula,10/11/2010,10/15/2010,4,105,165,981,28.97,"Nicaragua, Honduras, MexicoCuba, Bahamas, Florida",1,NULL,2
307,Richard,10/20/2010,10/26/2010,6,100,155,977,28.85,"Honduras, Belize, Guatemala, Mexico",2,NULL,2
308,Tomas,10/29/2010,11/7/2010,9,100,155,982,29,"Windward Islands, Leeward AntillesGreater Antilles, Lucayan Archipelago",51,NULL,2
309,Ernesto,8/1/2012,8/10/2012,9,100,155,973,28.73,"Windward Islands, Jamaica, Central America, Mexico",12,NULL,2
310,Gordon,8/15/2012,8/20/2012,5,110,175,965,28.5,Azores,NULL,NULL,2
311,Kirk,8/28/2012,9/4/2012,7,105,165,970,28.64,NULL,NULL,NULL,2
312,Arthur,7/1/2014,7/5/2014,4,100,155,973,28.73,"Bahamas, North Carolina, Nova Scotia",1,NULL,2
313,Gert,8/12/2017,8/17/2017,5,110,175,962,28.41,"Bermuda, United States East Coast, Atlantic Canada",2,NULL,2
314,Katia,9/5/2017,9/9/2017,4,105,165,972,28.7,Mexico,3,NULL,2
315,Chris,7/6/2018,7/12/2018,6,105,165,969,28.61,"Bermuda, Iceland",1,NULL,2
316,Helene,9/7/2018,9/16/2018,9,110,175,967,28.56,"West Africa, Cape Verde, Azores",3,NULL,2
317,Oscar,10/26/2018,10/31/2018,5,110,175,966,28.53,Faroe Islands,NULL,NULL,2
318,Jerry,9/17/2019,9/24/2019,7,105,165,976,28.82,NULL,NULL,NULL,2
319,Paulette,9/7/2020,9/23/2020,16,105,165,965,28.5,Bermuda,1,NULL,2
320,Sally,9/11/2020,9/17/2020,6,110,175,965,28.5,"The Bahamas, Cuba, United States Gulf Coast",8,NULL,2
321,San Pedro,9/9/1921,9/15/1921,6,125,205,961,28.38,"Windward Islands, Greater Antilles",80,NULL,3
322,Unnamed,9/16/1922,9/22/1922,6,120,195,960,28.35,"Leeward Islands, Bermuda",NULL,NULL,3
323,Unnamed,9/29/1923,9/30/1923,1,120,195,960,28.35,"Bahamas, Newfoundland",NULL,NULL,3
324,Unnamed,8/22/1924,8/24/1924,2,120,195,960,28.35,"Puerto Rico, East Coast of the United States",2,NULL,3
325,Unnamed,8/2/1926,8/6/1926,4,120,195,968,28.59,"Bermuda, Atlantic Canada",55,NULL,3
326,Unnamed,8/25/1926,8/25/1926,0,115,185,955,28.2,Louisiana,25,NULL,3
327,Unnamed,8/21/1927,8/24/1927,3,125,205,950,28.05,"East Coast of the United States, Atlantic Canada",175,NULL,3
328,Unnamed,8/25/1930,8/27/1930,2,125,205,960,28.35,Bermuda,NULL,NULL,3
329,Unnamed,10/5/1933,10/6/1933,1,125,205,958,28.29,"Jamaica, Cuba, Florida, Bahamas, Atlantic Canada",10,NULL,3
330,Unnamed,11/23/1934,11/24/1934,1,115,185,955,28.2,Bermuda,NULL,NULL,3
331,Unnamed,9/15/1936,9/17/1936,2,120,195,962,28.41,East Coast of the United States,2,NULL,3
332,Unnamed,8/15/1937,8/17/1937,2,125,205,951,28.08,NULL,NULL,NULL,3
333,Unnamed,8/25/1938,8/26/1938,1,120,195,964,28.47,Mexico,NULL,NULL,3
334,Unnamed,9/23/1941,9/23/1941,0,125,205,942,27.82,"Central United States, Canada",7,NULL,3
335,Unnamed,10/5/1941,10/5/1941,0,120,195,962,28.41,"Bahamas, Southeastern United States",10,NULL,3
336,Unnamed,8/29/1942,8/30/1942,1,115,185,950,28.05,"Mexico, Texas",8,NULL,3
337,Unnamed,9/3/1943,9/5/1943,2,120,195,NULL,NULL,"Bermuda, Atlantic Canada",NULL,NULL,3
338,Unnamed,8/19/1944,8/20/1944,1,120,195,963,28.44,"Windward Islands, Jamaica, Mexico",216,NULL,3
339,Unnamed,8/26/1945,8/27/1945,1,115,185,963,28.44,Texas,3,NULL,3
340,Love,10/19/1947,10/20/1947,1,120,195,961,28.38,Bermuda,NULL,NULL,3
341,Able,8/28/1948,8/29/1948,1,120,195,983,29.03,"East Coast of the United States, Atlantic Canada",NULL,NULL,3
342,Fox,10/5/1948,10/5/1948,0,125,205,971,28.67,"Cuba, Florida, Bahamas, Bermuda",11,NULL,3
343,Unnamed,9/6/1949,9/10/1949,4,125,205,974,28.76,"Bermuda, Newfoundland",NULL,NULL,3
344,Able,8/17/1950,8/20/1950,3,115,185,978,28.88,"East Coast of the United States, Atlantic Canada",11,NULL,3
345,Easy,9/5/1950,9/5/1950,0,120,195,958,28.29,"Cuba, Florida",2,NULL,3
346,Jig,10/15/1950,10/15/1950,0,115,185,987,29.15,NULL,NULL,NULL,3
347,Fox,9/7/1951,9/8/1951,1,115,185,978,28.88,NULL,NULL,NULL,3
348,Charlie,9/26/1952,9/27/1952,1,120,195,980,28.94,"Puerto Rico, Bermuda",4,NULL,3
349,Edna,9/17/1953,9/18/1953,1,115,185,962,28.41,Bermuda,NULL,NULL,3
350,Florence,9/25/1953,9/25/1953,0,115,185,968,28.59,Gulf Coast of the United States,NULL,NULL,3
351,Carol,8/31/1954,8/31/1954,0,115,185,955,28.2,"East Coast of the United States, Atlantic Canada",NULL,NULL,3
352,Edna,9/9/1954,9/11/1954,2,125,205,943,27.85,"New England, Atlantic Canada",27,NULL,3
353,Hilda,9/15/1955,9/19/1955,4,120,195,952,28.11,"Cuba, Mexico",304,NULL,3
354,Betsy,8/13/1956,8/17/1956,4,120,195,959,28.32,"Leeward Islands, Puerto Rico, Bahamas",NULL,NULL,3
355,Audrey,6/27/1957,6/27/1957,0,125,205,946,27.94,"Gulf Coast of the United States, Canada",431,NULL,3
356,Hannah,9/30/1959,10/2/1959,2,120,195,959,28.32,Azores,NULL,NULL,3
357,Ethel,9/14/1960,9/15/1960,1,115,185,974,28.76,Gulf Coast of the United States,1,NULL,3
358,Arlene,8/9/1963,8/10/1963,1,115,185,969,28.61,"Leeward Islands, Bermuda",NULL,NULL,3
359,Beulah,8/24/1963,8/24/1963,0,120,195,958,28.29,NULL,NULL,NULL,3
360,Isbell,10/14/1964,10/15/1964,1,115,185,964,28.47,"Cuba, East Coast of the United States",7,NULL,3
361,Alma,6/8/1966,6/9/1966,1,125,205,970,28.64,"Central America, Cuba, East Coast of the United States",93,NULL,3
362,Faith,8/28/1966,8/29/1966,1,120,195,950,28.05,"Atlantic Canada, Northern Europe",5,NULL,3
363,Debbie,8/18/1969,8/23/1969,5,120,195,951,28.08,Atlantic Canada,NULL,NULL,3
364,Francelia,9/2/1969,9/2/1969,0,115,185,973,28.73,Central America,271,NULL,3
365,Gerda,9/9/1969,9/9/1969,0,125,205,979,28.91,"East Coast of the United States, Atlantic Canada",NULL,NULL,3
366,Inga,10/5/1969,10/5/1969,0,115,185,964,28.47,Bermuda,NULL,NULL,3
367,Ella,9/12/1970,9/12/1970,0,125,205,967,28.56,"Cuba, Florida, Texas",1,NULL,3
368,Ellen,9/22/1973,9/22/1973,0,115,185,962,28.41,NULL,NULL,NULL,3
369,Becky,8/30/1974,8/31/1974,1,115,185,977,28.85,NULL,NULL,NULL,3
370,Caroline,8/31/1975,8/31/1975,0,115,185,963,28.44,"Turks and Caicos, Cuba, Mexico",2,NULL,3
371,Eloise,9/23/1975,9/23/1975,0,125,205,955,28.2,"Lesser Antilles, Greater Antilles, Yucatán peninsula, Gulf Coast of the United States, eastern United States",80,NULL,3
372,Belle,8/8/1976,8/9/1976,1,120,195,957,28.26,East Coast of the United States,NULL,NULL,3
373,Frances,9/1/1976,9/1/1976,0,115,185,963,28.44,NULL,NULL,NULL,3
374,Frances,9/9/1980,9/9/1980,0,115,185,958,28.29,Cape Verde,NULL,NULL,3
375,Floyd,9/7/1981,9/7/1981,0,115,185,975,28.79,"Lesser Antilles, Bermuda",NULL,NULL,3
376,Irene,9/28/1981,9/29/1981,1,120,195,959,28.32,NULL,NULL,NULL,3
377,Alicia,8/18/1983,8/18/1983,0,115,185,962,28.41,Texas,21,NULL,3
378,Elena,9/1/1985,9/2/1985,1,125,205,953,28.14,"Cuba, Mississippi",9,1300000000,3
379,Kate,11/20/1985,11/21/1985,1,120,195,954,28.17,"Cuba, Florida",15,NULL,3
380,Emily,9/22/1987,9/23/1987,1,125,205,958,28.29,"Lesser Antilles, Greater Antilles, Bermuda, Bahamas",3,NULL,3
381,Gustav,8/31/1990,8/31/1990,0,120,195,956,28.23,NULL,0,NULL,3
382,Bob,8/19/1991,8/19/1991,0,115,185,950,28.05,"East Coast of the United States, Nova Scotia",17,NULL,3
383,Emily,8/31/1993,9/1/1993,1,115,185,960,28.35,North Carolina,3,NULL,3
384,Marilyn,9/16/1995,9/17/1995,1,115,185,949,28.02,"United States Virgin Islands, Puerto Rico, Dominica, Martinique, Guadeloupe",NULL,NULL,3
385,Roxanne,10/10/1995,10/11/1995,1,115,185,956,28.23,"Yucatán Peninsula, Veracruz, Tabasco",29,NULL,3
386,Bertha,7/9/1996,7/9/1996,0,115,185,960,28.35,"Northeastern Caribbean, Florida, North Carolina",NULL,NULL,3
387,Fran,9/4/1996,9/6/1996,2,120,195,946,27.94,"North Carolina, South Carolina, Virginia, West Virginia, Pennsylvania",27,NULL,3
388,Isidore,9/28/1996,9/28/1996,0,115,185,960,28.35,NULL,0,NULL,3
389,Lili,10/19/1996,10/19/1996,0,115,185,960,28.35,"Central America, Cuba, Florida, Bahamas, Bermuda, Ireland, Great Britain",22,NULL,3
390,Erika,9/8/1997,9/10/1997,2,125,205,946,27.94,"Leeward Islands, Puerto Rico, Azores",2,NULL,3
391,Bonnie,8/23/1998,8/26/1998,3,115,185,955,28.2,"Leeward Islands, North Carolina, Mid-Atlantic States",5,NULL,3
392,Alberto,8/12/2000,8/13/2000,1,125,205,950,28.05,NULL,0,NULL,3
393,Erin,9/9/2001,9/10/2001,1,120,195,968,28.59,"Bermuda, Newfoundland, East Coast of the United States",NULL,NULL,3
394,Felix,9/14/2001,9/14/2001,0,115,185,962,28.41,Azores,NULL,NULL,3
395,Isidore,9/21/2002,9/23/2002,2,125,205,934,27.58,"Windward Islands, Southeast Mexico, Louisiana",22,NULL,3
396,Kate,10/3/2003,10/5/2003,2,125,205,952,28.11,Newfoundland,NULL,NULL,3
397,Alex,8/5/2004,8/5/2004,0,120,195,957,28.26,North Carolina,1,NULL,3
398,Jeanne,9/25/2004,9/26/2004,1,120,195,950,28.05,"Guadeloupe, Hispaniola, Bahamas, Florida",3037,NULL,3
399,Maria,9/6/2005,9/6/2005,0,115,185,962,28.41,"East Coast of the United States, Norway",3,NULL,3
400,Beta,10/30/2005,10/30/2005,0,115,185,962,28.41,Central America,NULL,NULL,3
401,Gordon,9/14/2006,9/15/2006,1,120,195,955,28.2,"Azores, Iberian Peninsula, British Isles",NULL,NULL,3
402,Helene,9/8/2006,9/8/2006,0,120,195,955,28.2,British Isles,NULL,NULL,3
403,Bertha,7/7/2008,7/8/2008,1,125,205,952,28.11,"Bermuda, East Coast of the United States",3,NULL,3
404,Fred,9/9/2009,9/10/2009,1,120,195,958,28.29,Cape Verde Islands,NULL,NULL,3
405,Karl,9/17/2010,9/17/2010,0,125,205,956,28.23,"Belize, Yucatán Peninsula, Veracruz",22,NULL,3
406,Irene,8/24/2011,8/24/2011,0,120,195,942,27.82,"Antilles, Bahamas, North Carolina, New Jersey, New York, Eastern Canada",NULL,NULL,3
407,Rina,10/25/2011,10/26/2011,1,115,185,966,28.53,"Central America, Florida",NULL,NULL,3
408,Michael,9/6/2012,9/6/2012,0,115,185,964,28.47,NULL,NULL,NULL,3
409,Sandy,10/24/2012,10/24/2012,0,115,185,940,27.76,"Greater Antilles, Bahamas, United States East Coast",233,NULL,3
410,Edouard,9/16/2014,9/16/2014,0,120,195,960,28.35,East Coast of the United States,2,NULL,3
411,Danny,8/21/2015,8/21/2015,0,125,205,960,28.35,Lesser Antilles,NULL,NULL,3
412,Gaston,8/28/2016,8/31/2016,3,115,185,962,28.41,Azores,NULL,NULL,3
413,Otto,11/24/2016,11/24/2016,0,115,185,975,28.79,"Nicaragua, Costa Rica, Panama",23,NULL,3
414,Lee,9/27/2017,9/27/2017,0,115,185,962,28.41,NULL,NULL,NULL,3
415,Ophelia,10/14/2017,10/14/2017,0,115,185,959,28.32,"Azores, Portugal, Spain, Ireland, United Kingdom",3,NULL,3
416,Humberto,9/17/2019,9/19/2019,2,125,205,950,28.05,"Dominican Republic, Haiti, Cuba, The Bahamas, Florida, Bermuda",2,25000000,3
417,Epsilon,10/21/2020,10/22/2020,1,115,185,952,28.11,Bermuda,1,NULL,3
418,Zeta,10/28/2020,10/28/2020,0,115,185,970,28.64,"Cayman Islands, Jamaica, Central America, Yucatán Peninsula, Gulf Coast of the United States, Southeastern United States, Mid-Atlantic, New England",9,4400000000,3
419,Grace,8/20/2021,8/20/2021,0,120,195,967,28.56,"Lesser Antilles, Greater Antilles, Yucatán Peninsula, Central Mexico",15,513000000,3
420,Larry,9/4/2021,9/8/2021,4,125,205,955,28.2,"Bermuda, Newfoundland",7,80000000,3
421,"""Cuba""",10/19/2024,10/19/2024,0,165,270,910,26.87,"Central America, Mexico, CubaFlorida, The Bahamas",90,NULL,5
422,"""San Felipe IIOkeechobee""",9/13/1928,9/14/1928,1,160,260,929,27.43,"Lesser Antilles, The BahamasUnited States East Coast, Atlantic Canada",4000,100000000,5
423,"""Bahamas""",9/5/1932,9/6/1932,1,160,260,921,27.2,"The Bahamas, Northeastern United States",16,NULL,5
424,"""Camagüey""",11/5/1932,11/8/1932,3,175,280,915,27.02,"Lesser Antilles, Jamaica, Cayman IslandsCuba, The Bahamas, Bermuda",3103,40000000,5
425,"""Cuba–Brownsville""",8/30/2033,8/30/2033,0,160,260,930,27.46,"The Bahamas, Cuba, FloridaTexas, Tamaulipas",179,27900000,5
426,"""Tampico""",9/21/2033,9/21/2033,0,160,260,929,27.43,"Jamaica, Yucatán Peninsula",184,5000000,5
427,"""Labor Day""",9/3/2035,9/3/2035,0,185,295,892,26.34,"The Bahamas, Florida, GeorgiaThe Carolinas, Virginia",408,NULL,5
428,"""New England""",9/19/1938,9/20/1938,1,160,260,940,27.76,"Eastern United States, Southwestern Quebec",682,306000000,5
429,Carol,9/3/1953,9/3/1953,0,160,260,929,27.43,"Bermuda, New England, Atlantic Canada",5,2000000,5
430,Janet,9/27/1955,9/28/1955,1,175,280,914,26.99,"Lesser Antilles, Central America",1023,65800000,5
431,Esther,9/17/1961,9/17/1961,0,160,260,919,27.14,East Coast of the United States,7,6000000,5
432,Hattie,10/31/1961,10/31/1961,0,165,270,914,26.99,Central America,319,60300000,5
433,Inez,9/28/1966,9/29/1966,1,165,270,927,27.37,"Greater Antilles, Florida, Mexico",756,229000000,5
434,Beulah,9/20/1967,9/20/1967,0,160,260,921,27.2,"The Caribbean, Mexico, Texas",59,208000000,5
435,Camille,8/16/1969,8/18/1969,2,175,280,900,26.58,"Cuba, United States Gulf Coast",259,1420000000,5
436,Edith,9/9/1971,9/9/1971,0,160,260,943,27.85,"The Caribbean, Central AmericaMexico, United States Gulf Coast",37,25400000,5
437,Anita,9/2/1977,9/2/1977,0,175,280,926,27.34,Mexico,11,NULL,5
438,David,8/30/1979,8/31/1979,1,175,280,924,27.29,"The Caribbean, United States East coast",2068,1540000000,5
439,Allen,8/5/1980,8/9/1980,4,190,305,899,26.55,"The Caribbean, Yucatán PeninsulaMexico, South Texas",269,1240000000,5
440,Gilbert,9/13/1988,9/14/1988,1,185,295,888,26.22,"Jamaica, Venezuela, Central AmericaHispaniola, Mexico",318,7100000000,5
441,Hugo,9/15/1989,9/15/1989,0,160,260,918,27.11,"The Caribbean, United States East Coast",107,10000000000,5
442,Andrew,8/23/1992,8/24/1992,1,175,280,922,27.23,"The Bahamas, Florida, United States Gulf Coast",65,26500000000,5
443,Mitch,10/26/1998,10/28/1998,2,180,285,905,26.72,"Central America, Yucatán Peninsula, South Florida",19325,6200000000,5
444,Isabel,9/11/2003,9/14/2003,3,165,270,915,27.02,"Greater Antilles, BahamasEastern United States, Ontario",51,5370000000,5
445,Ivan,9/9/2004,9/14/2004,5,165,270,910,26.87,"The Caribbean, Venezuela, United States Gulf Coast",124,23300000000,5
446,Emily,7/16/2005,7/16/2005,0,160,260,929,27.43,"Windward Islands, Jamaica, Mexico, Texas",17,1010000000,5
447,Katrina,8/28/2005,8/29/2005,1,175,280,902,26.64,"Bahamas, United States Gulf Coast",1836,1.25E+11,5
448,Rita,9/21/2005,9/22/2005,1,180,285,895,26.43,"Cuba, United States Gulf Coast",125,12000000000,5
449,Wilma,10/19/2005,10/19/2005,0,185,295,882,26.05,"Greater Antilles, Central America, Florida",87,29400000000,5
450,Dean,8/18/2007,8/21/2007,3,175,280,905,26.72,"The Caribbean, Central America",45,1760000000,5
451,Felix,9/3/2007,9/4/2007,1,175,280,929,27.43,"Nicaragua, Honduras",133,720000000,5
452,Matthew,10/1/2016,10/1/2016,0,165,270,934,27.58,"Antilles, Venezuela, ColombiaUnited States East Coast, Atlantic Canada",603,15100000000,5
453,Irma,9/5/2017,9/9/2017,4,180,285,914,26.99,"Cape Verde, The Caribbean, Virgin IslandsCuba, Florida",138,64800000000,5
454,Maria,9/18/2017,9/20/2017,2,175,280,908,26.81,"Lesser Antilles, Virgin Islands, Puerto RicoDominican Republic, Turks and Caicos Islands",3057,91600000000,5
455,Michael,10/10/2018,10/10/2018,0,160,260,919,27.14,"Central America, United States Gulf Coast",74,25100000000,5
456,Dorian,9/1/2019,9/2/2019,1,185,295,910,26.87,"The Caribbean, The BahamasUnited States East Coast, Atlantic Canada, Greenland",84,5000000000,5
457,Lorenzo,9/29/2019,9/29/2019,0,160,260,925,27.32,"Cabo Verde, Azores, Western Europe",19,362000000,5
