,Name,Duration,Wind speed,Pressure,Areas affected,Deaths,Damage,REf,Category
0,One,"June 16 – 26, 1921",90 mph (150 km/h),980 hPa (28.94 inHg),"Central America, Gulf of Mexico",0,,[2],1
1,Two,"September 4 – 8, 1921",80 mph (130 km/h),985 hPa (29.09 inHg),Mexico,215,$19 million,[2],1
2,Four,"September 8 – 14, 1921",90 mph (150 km/h),979 hPa (28.91 inHg),None,0,,[2],1
3,Three,"September 18 – 24, 1922",80 mph (130 km/h),987 hPa (29.15 inHg),None,0,,[2],1
4,Four,"September 10 – 13, 1923",80 mph (130 km/h),986 hPa (29.12 inHg),Newfoundland,0,,[2],1
5,Six,"October 12 – 17, 1923",80 mph (130 km/h),983 hPa (29.03 inHg),"Mexico, Gulf Coast of the United States",0,,[2],1
6,Five,"September 13 – 17, 1924",85 mph (140 km/h),980 hPa (28.94 inHg),United States East Coast,Unknown,,[2],1
7,Eleven,"November 5 – 14, 1924",80 mph (130 km/h),994 hPa (29.35 inHg),"Cuba, The Bahamas",Unknown,,[2],1
8,One,"August 18 – 24, 1925",80 mph (130 km/h),994 hPa (29.35 inHg),None,0,,[2],1
9,Two,"September 2 – 11, 1927",90 mph (150 km/h),"1,007 hPa (29.74 inHg)",Cape Verde,0,,[2],1
10,Three,"September 22 – 29, 1927",80 mph (130 km/h),"1,005 hPa (29.68 inHg)",None,19,$4.36 million,[2],1
11,1928 Haiti hurricane,"August 7 – 17, 1928",90 mph (150 km/h),998 hPa (29.47 inHg),"Windward Islands, Leeward Islands, Gulf Coast of the United States",210,$2 million,[2],1
12,Six,"September 10 – 15, 1928",90 mph (150 km/h),980 hPa (28.94 inHg),None,0,,[2],1
13,One,"June 27 — 30, 1929",90 mph (150 km/h),982 hPa (29.00 inHg),Gulf of Mexico,Unknown,$365 thousand,[2],1
14,Five,"October 19 – 22, 1929",80 mph (130 km/h),997 hPa (29.44 inHg),None,0,,[2],1
15,Eight,"September 23 – 28, 1931",75 mph (120 km/h),987 hPa (29.15 inHg),None,0,,[2],1
16,1932 Florida–Alabama hurricane,"August 26 – September 2, 1932",85 mph (140 km/h),979 hPa (28.91 inHg),United States Gulf Coast,Unknown,$226 thousand,[2],1
17,1933 Florida–Mexico hurricane,"July 23 – August 5, 1933",90 mph (150 km/h),975 hPa (28.79 inHg),"Leeward Islands, United States Gulf Coast, Mexico",Unknown,$500 thousand,[2],1
18,Fifteen,"September 24 – 27, 1933",75 mph (120 km/h),991 hPa (29.26 inHg),Azores,0,,[2],1
19,Eighteen,"October 25 – November 7, 1933",90 mph (150 km/h),982 hPa (29.00 inHg),"Cuba, The Bahamas",23,$3 million,[2],1
20,Two,"July 12 – 16, 1934",90 mph (150 km/h),980 hPa (28.94 inHg),"Bermuda, Newfoundland and Labrador",0,,[2],1
21,Three,"July 22 – 26, 1934",85 mph (140 km/h),975 hPa (28.79 inHg),United States Gulf Coast,Unknown,,[2],1
22,Five,"August 26 – September 1, 1934",80 mph (130 km/h),989 hPa (29.21 inHg),United States Gulf Coast,Unknown,,[2],1
23,1935 Jérémie hurricane,"October 18 – 27, 1935",85 mph (140 km/h),988 hPa (29.18 inHg),"Central America, Jamaica, Cuba, Haiti",2150,,[2][65],1
24,Three,"June 26 – 28, 1936",80 mph (130 km/h),987 hPa (29.15 inHg),Texas,Unknown,$550 thousand,[2],1
25,Eight,"August 15 – 20, 1936",75 mph (120 km/h),999 hPa (29.50 inHg),"Yucatán Peninsula, Tamaulipas",0,,[2],1
26,Eleven,"August 28 – 30, 1936",80 mph (130 km/h),"1,000 hPa (29.53 inHg)","Yucatán Peninsula, Veracruz",0,,[2],1
27,Eleven,"October 19 – 21, 1937",80 mph (130 km/h),995 hPa (29.38 inHg),None,0,,[2],1
28,Two,"August 7 – 19, 1939",75 mph (120 km/h),985 hPa (29.09 inHg),"Puerto Rico, Turks and Caicos Islands, The Bahamas, Eastern United States",0,$2 thousand,[2],1
29,Six,"October 28 – November 6, 1939",90 mph (150 km/h),989 hPa (29.21 inHg),"Honduras, The Caribbean, Bermuda",2,,[2],1
30,Eight,"October 20 – 24, 1940",80 mph (130 km/h),993 hPa (29.32 inHg),Nicaragua,Unknown,Unknown,[66],1
31,Three,"September 18 – 25, 1941",80 mph (130 km/h),978 hPa (28.88 inHg),None,0,,[2],1
32,Two,"August 17 – 23, 1942",80 mph (130 km/h),992 hPa (29.29 inHg),Texas,0,$790 thousand,[2],1
33,One,"July 13 – 18, 1944",80 mph (130 km/h),995 hPa (29.38 inHg),Bermuda,0,,[2],1
34,Three,"July 30 – August 4, 1944",80 mph (130 km/h),985 hPa (29.09 inHg),"North Carolina, Mid-Atlantic states",0,$2 million,[2],1
35,Eight,"September 19 – 22, 1944",80 mph (130 km/h),996 hPa (29.41 inHg),Mexico,Unknown,,[2],1
36,Twelve,"October 11 – 15, 1944",80 mph (130 km/h),998 hPa (29.47 inHg),None,0,,[2],1
37,Ten,"October 2 – 7, 1945",90 mph (150 km/h),982 hPa (29.00 inHg),"Belize, Guatemala, Honduras, Mexico",1,,[2],1
38,Two,"July 5 – 9, 1946",80 mph (130 km/h),"1,005 hPa (29.68 inHg)",North Carolina,0,,[2],1
39,Three,"August 18 – 27, 1947",80 mph (130 km/h),984 hPa (29.06 inHg),"Cuba, Louisiana, Texas",1,$800 thousand,[2],1
40,Five,"September 1 – 7, 1948",80 mph (130 km/h),983 hPa (29.03 inHg),"Louisiana, Mississippi, Midwestern United States",0,$900 thousand,[2],1
41,Ten,"November 8 – 11, 1948",75 mph (120 km/h),990 hPa (29.23 inHg),None,0,,[2],1
42,Ten,"September 20 – 22, 1949",80 mph (130 km/h),"1,003 hPa (29.62 inHg)","Saint Croix, Puerto Rico, Dominican Republic",15,$1.012 million,[2],1
43,Thirteen,"October 13 – 19, 1949",90 mph (150 km/h),981 hPa (28.97 inHg),"Cuba, The Bahamas",0,,[2],1
44,Love,"October 18 – 22, 1950",80 mph (130 km/h),987 hPa (29.15 inHg),"Georgia, Louisiana, Southwestern Florida",0,,[2],1
45,Able,"May 15 – 23, 1951",90 mph (150 km/h),973 hPa (28.73 inHg),"Florida, Bahamas, North Carolina, South Carolina, Virginia",0,,[2],1
46,Dog,"August 27 – September 5, 1951",90 mph (150 km/h),992 hPa (29.29 inHg),"Martinique, Saint Lucia, Hispaniola, Jamaica",7,$3 million,[2],1
47,Jig,"October 15 – 17, 1951",75 mph (120 km/h),990 hPa (29.23 inHg),"North Carolina, Virginia",0,,[2],1
48,Twelve,"September 2 – 11, 1951",80 mph (130 km/h),995 hPa (29.38 inHg),None,0,,[2],1
49,Barbara,"August 11 – 15, 1953",90 mph (150 km/h),973 hPa (28.73 inHg),"United States East Coast, Atlantic Canada",9,$1.3 million,[2],1
50,Dolly,"September 8 – 12, 1953",75 mph (120 km/h),989 hPa (29.21 inHg),"Virgin Islands, Puerto Rico, The Bahamas, Bermuda",0,,[2],1
51,Gail,"October 2 – 12, 1953",80 mph (130 km/h),986 hPa (29.12 inHg),None,0,,[2],1
52,Hazel,"October 7 – 10, 1953",85 mph (140 km/h),980 hPa (28.94 inHg),"Florida, Sable Island",0,$250 thousand,[2],1
53,Dolly,"August 31 – September 2, 1954",85 mph (140 km/h),994 hPa (29.35 inHg),None,0,,[2],1
54,Alice,"December 30, 1954 – January 6, 1955",90 mph (150 km/h),980 hPa (28.94 inHg),"Saba, Anguilla, Lesser Antilles",0,$623 thousand,[2],1
55,Gladys,"September 3 – 6, 1955",90 mph (150 km/h),996 hPa (29.41 inHg),"Western Mexico, Yucatán Peninsula",0,$500 thousand,[2],1
56,Anna,"July 25 – 27, 1956",85 mph (140 km/h),991 hPa (29.26 inHg),Mexico,0,$50 thousand,[2],1
57,Flossy,"September 20 – 25, 1956",90 mph (150 km/h),974 hPa (28.76 inHg),"Yucatán Peninsula, Louisiana, Mississippi, Alabama, Florida, Georgia, South Carolina, North Carolina, Virginia",15,$24.9 million,[2],1
58,Frieda,"September 20 – 26, 1957",85 mph (140 km/h),975 hPa (28.79 inHg),"Bermuda, Newfoundland",0,,[2],1
59,Fifi,"September 4 – 11, 1958",85 mph (140 km/h),"1,000 hPa (29.53 inHg)",None,0,,[2],1
60,Escuminac (Three),"June 18 – 19, 1959",85 mph (140 km/h),974 hPa (28.76 inHg),"Florida, Atlantic Canada",35,$2.5 million,[2],1
61,Cindy,"July 4 – 11, 1959",75 mph (120 km/h),996 hPa (29.41 inHg),"The Carolinas, Mid-Atlantic states, New England, Canadian Maritime Provinces",6,$75 thousand,[2],1
62,Debra,"July 22 – 27, 1959",85 mph (140 km/h),984 hPa (29.06 inHg),"Texas, Oklahoma, United States Gulf Coast, Midwestern United States",0,$7 million,[2],1
63,Flora,"September 9 – 12, 1959",75 mph (120 km/h),994 hPa (29.35 inHg),None,0,,[2],1
64,Judith,"October 14 – 22, 1959",85 mph (140 km/h),988 hPa (29.18 inHg),Florida,0,,[2],1
65,Abby,"July 9 – 17, 1960",80 mph (130 km/h),995 hPa (29.38 inHg),"Lesser Antilles, Puerto Rico, Leeward Antilles, Hispaniola, Jamaica, Nicaragua, Honduras, Belize, Guatemala, Mexico",6,$640 thousand,[2],1
66,Cleo,"August 17 – 21, 1960",85 mph (140 km/h),995 hPa (29.38 inHg),"Greater Antilles, The Bahamas, Northeastern United States, Nova Scotia",0,,[2],1
67,Debbie,"September 6 – 16, 1961",90 mph (150 km/h),975 hPa (28.79 inHg),"Cape Verde, Azores, Ireland, United Kingdom, Norway, Soviet Union",78,$50 million,[2],1
68,Jenny,"November 1 – 10, 1961",80 mph (130 km/h),974 hPa (28.76 inHg),"Puerto Rico, Leeward Islands",0,,[2],1
69,Alma,"August 26 – 30, 1962",85 mph (140 km/h),984 hPa (29.06 inHg),"Puerto Rico, United States East Coast",1,$1 million,[2],1
70,Ten,"November 28 – December 4, 1962",90 mph (150 km/h),988 hPa (29.18 inHg),United States East Coast,0,,[2],1
71,Four,"September 9 – 14, 1963",80 mph (130 km/h),990 hPa (29.23 inHg),Bermuda,0,,[2],1
72,Debra,"September 19 – 24, 1963",75 mph (120 km/h),999 hPa (29.50 inHg),None,0,,[2],1
73,Three,"July 28 – August 2, 1964",85 mph (140 km/h),990 hPa (29.23 inHg),British Isles,0,,[2],1
74,Carol,"September 16 – 30, 1965",90 mph (150 km/h),974 hPa (28.76 inHg),Azores,0,,[2],1
75,Becky,"July 1 – 3, 1966",75 mph (120 km/h),985 hPa (29.09 inHg),None,0,,[2],1
76,Celia,"July 13 – 21, 1966",80 mph (130 km/h),995 hPa (29.38 inHg),"Atlantic Canada, Quebec",0,,[2],1
77,Dorothy,"July 22 – 30, 1966",85 mph (140 km/h),989 hPa (29.21 inHg),None,0,,[2],1
78,Lois,"November 4 – 11, 1966",80 mph (130 km/h),986 hPa (29.12 inHg),Azores,0,,[2],1
79,Arlene,"August 28 – September 4, 1967",85 mph (140 km/h),982 hPa (29.00 inHg),Newfoundland,0,,[2],1
80,Doria,"September 8 – 21, 1967",85 mph (140 km/h),973 hPa (28.73 inHg),United States East Coast,3,$150 thousand,[2],1
81,Fern,"October 1 – 4, 1967",85 mph (140 km/h),987 hPa (29.15 inHg),"Mexico, Texas",3,,[2],1
82,Heidi,"October 19 – 31, 1967",90 mph (150 km/h),981 hPa (28.97 inHg),Bermuda,0,,[2],1
83,Abby,"June 1 – 13, 1968",75 mph (120 km/h),992 hPa (29.29 inHg),"Cuba, Florida, Georgia, The Carolinas",6,"$450,000 ",[2],1
84,Brenda,"June 17 – 26, 1968",75 mph (120 km/h),990 hPa (29.23 inHg),Florida,0,,[2],1
85,Dolly,"August 10 – 17, 1968",80 mph (130 km/h),985 hPa (29.09 inHg),"The Carolinas, Florida, Azores",0,,[2],1
86,Gladys,"October 13 – 21, 1968",85 mph (140 km/h),965 hPa (28.50 inHg),"Cuba, Florida, United States East Coast, Nova Scotia",11,$18.7 million,[2],1
87,Blanche,"August 11 – 12, 1969",85 mph (140 km/h),997 hPa (29.44 inHg),Sable Island,0,,[2],1
88,Holly,"September 14 – 21, 1969",85 mph (140 km/h),984 hPa (29.06 inHg),Leeward Islands,0,,[2],1
89,Ten,"September 21 – 26, 1969",75 mph (120 km/h),985 hPa (29.09 inHg),None,0,,[2],1
90,Seventeen,"October 31 – November 7, 1969",75 mph (120 km/h),988 hPa (29.18 inHg),None,0,,[2],1
91,Martha,"November 21 – 25, 1969",90 mph (150 km/h),975 hPa (28.79 inHg),"Panama, Costa Rica",5,$30 million,[2],1
92,Alma,"May 17 – 26, 1970",75 mph (120 km/h),993 hPa (29.32 inHg),"Cayman Islands, Jamaica, Cuba, Southeastern United States",8,,[2],1
93,Nineteen,"October 20 – 28, 1970",80 mph (130 km/h),988 hPa (29.18 inHg),None,0,,[2],1
94,Two,"August 3 – 7, 1971",85 mph (140 km/h),974 hPa (28.76 inHg),None,0,,[2],1
95,Beth,"August 10 – 16, 1971",85 mph (140 km/h),977 hPa (28.85 inHg),"The Bahamas, Florida, Nova Scotia, Newfoundland",1,$5.1 million,[2],1
96,Fern,"September 3 – 13, 1971",90 mph (150 km/h),979 hPa (28.91 inHg),"Louisiana, Texas, northern Mexico",2,$30.2 million,[2],1
97,Irene,"September 11 – 20, 1971",80 mph (130 km/h),989 hPa (29.21 inHg),"Lesser Antilles, Leeward Antilles, Central America",3,$1 million,[2],1
98,Agnes,"June 14 – 23, 1972",90 mph (150 km/h),977 hPa (28.85 inHg),"Yucatán Peninsula, western Cuba, Florida Panhandle, Georgia, North Carolina, Virginia, Maryland, Pennsylvania, New York, Atlantic Canada",128,$2.1 billion,[2],1
99,Dawn,"September 5 – 14, 1972",80 mph (130 km/h),997 hPa (29.44 inHg),Southeastern United States,0,,[2],1
100,Alice,"July 1 – 7, 1973",90 mph (150 km/h),986 hPa (29.12 inHg),"Bermuda, Newfoundland",0,,[2],1
101,Brenda,"August 18 – 22, 1973",90 mph (150 km/h),977 hPa (28.85 inHg),"Cayman Islands, Mexico",10,,[2],1
102,Fran,"October 8 – 12, 1973",80 mph (130 km/h),978 hPa (28.88 inHg),Azores,0,,[2],1
103,Gertrude,"September 25 – October 4, 1974",75 mph (120 km/h),999 hPa (29.50 inHg),Windward Islands,0,,[2],1
104,Blanche,"July 23 – 28, 1975",85 mph (140 km/h),980 hPa (28.94 inHg),"Maine, Nova Scotia",0,$6.2 million,[2],1
105,Candice,"August 18 – 24, 1976",90 mph (150 km/h),964 hPa (28.47 inHg),None,0,,[2],1
106,Holly,"October 22 – 28, 1976",75 mph (120 km/h),990 hPa (29.23 inHg),None,0,,[2],1
107,Babe,"September 3 – 9, 1977",75 mph (120 km/h),995 hPa (29.38 inHg),"Florida, Louisiana, Alabama, Mississippi, Tennessee, Georgia, South Carolina, North Carolina and Virginia",0,$13 million,[2],1
108,Clara,"September 5 – 11, 1977",75 mph (120 km/h),993 hPa (29.32 inHg),"The Carolinas, Nova Scotia",0,,[2],1
109,Dorothy,"September 26 – 29, 1977",85 mph (140 km/h),980 hPa (28.94 inHg),"Bermuda, Newfoundland",0,,[2],1
110,Evelyn,"October 13 – 15, 1977",80 mph (130 km/h),994 hPa (29.35 inHg),"Bermuda, Nova Scotia, Newfoundland",0,,[2],1
111,Cora,"August 7 – 12, 1978",90 mph (150 km/h),980 hPa (28.94 inHg),"Windward Islands, St. Lucia, Barbados, Grenada",1,,[2],1
112,Kendra,"October 28 – November 1, 1978",80 mph (130 km/h),990 hPa (29.23 inHg),"Puerto Rico, United States East Coast",1,$6 million,[2],1
113,Bob,"July 9 – 16, 1979",75 mph (120 km/h),983 hPa (29.03 inHg),"Louisiana, Mississippi, Alabama, Midwestern United States",1,$20 million,[2],1
114,Henri,"September 15 – 24, 1979",85 mph (140 km/h),986 hPa (29.12 inHg),"Mexico, Florida",0,,[2],1
115,Charley,"August 20 – 25, 1980",80 mph (130 km/h),989 hPa (29.21 inHg),North Carolina,7,,[2],1
116,Georges,"September 1 – 8, 1980",80 mph (130 km/h),993 hPa (29.32 inHg),Newfoundland,0,,[2],1
117,Earl,"September 4 – 10, 1980",75 mph (120 km/h),985 hPa (29.09 inHg),None,0,,[2],1
118,Karl,"November 25 – 28, 1980",85 mph (140 km/h),985 hPa (29.09 inHg),None,0,,[2],1
119,Dennis,"August 7 – 21, 1981",80 mph (130 km/h),995 hPa (29.38 inHg),"Lesser Antilles, Greater Antilles, The Bahamas, Florida, Georgia, The Carolinas, Virginia",0,$15 million,[2],1
120,Emily,"August 31 – September 11, 1981",90 mph (150 km/h),966 hPa (28.53 inHg),None,0,,[2],1
121,Katrina,"November 3 – 7, 1981",85 mph (140 km/h),980 hPa (28.94 inHg),"Cayman Islands, Jamaica, Cuba, The Bahamas, Turks and Caicos Islands",2,,[2],1
122,Alberto,"June 1 – 6, 1982",85 mph (140 km/h),985 hPa (29.09 inHg),"Cuba, Florida",23,$85 million,[2],1
123,Barry,"August 23 – 29, 1983",80 mph (130 km/h),986 hPa (29.12 inHg),"Florida, Texas, Mexico",0,,[2],1
124,Chantal,"September 10 – 15, 1983",75 mph (120 km/h),994 hPa (29.35 inHg),None,0,,[2],1
125,Hortense,"September 23 – October 2, 1984",75 mph (120 km/h),993 hPa (29.32 inHg),None,0,,[2],1
126,Klaus,"November 5 – 13, 1984",90 mph (150 km/h),971 hPa (28.67 inHg),"Puerto Rico, Leeward Islands",2,$152 million,[2],1
127,Lili,"December 12 – 24, 1984",80 mph (130 km/h),980 hPa (28.94 inHg),"Puerto Rico, Hispaniola",0,,[2],1
128,Bob,"July 21 – 26, 1985",75 mph (120 km/h),"1,002 hPa (29.59 inHg)",United States East Coast,5,$20 million,[2],1
129,Claudette,"August 9 – 16, 1985",85 mph (140 km/h),980 hPa (28.94 inHg),"Bermuda, Azores",0,,[2],1
130,Danny,"August 12 – 18, 1985",90 mph (150 km/h),987 hPa (29.15 inHg),"Cuba, United States Gulf Coast, Tennessee, The Carolinas, Virginia",5,$100 million,[2],1
131,Juan,"October 26 – November 21, 1985",85 mph (140 km/h),971 hPa (28.67 inHg),"United States Gulf Coast, central United States, Canada",12,$1.5 billion,[2],1
132,Bonnie,"June 23 – 26, 1986",85 mph (140 km/h),992 hPa (29.29 inHg),"Texas, Louisiana, Southeastern United States",5,$42 million,[2],1
133,Charley,"August 13 – 20, 1986",80 mph (130 km/h),987 hPa (29.15 inHg),"United States East Coast, United Kingdom",15,$15 million,[2],1
134,Frances,"November 16 – 21, 1986",85 mph (140 km/h),"1,000 hPa (29.53 inHg)",None,0,,[2],1
135,Arlene,"August 10 – 23, 1987",75 mph (120 km/h),987 hPa (29.15 inHg),"The Bahamas, Bermuda",0,$8 thousand,[2],1
136,Floyd,"October 9 – 13, 1987",75 mph (120 km/h),993 hPa (29.32 inHg),"Cuba, Florida, The Bahamas",1,$500 thousand,[2],1
137,Debby,"August 31 – September 8, 1988",75 mph (120 km/h),991 hPa (29.26 inHg),Mexico,20,,[2],1
138,Florence,"September 7 – 11, 1988",80 mph (130 km/h),982 hPa (29.00 inHg),"Yucatán Peninsula, Louisiana, Mississippi, Alabama, Florida",1,$2.9 million,[2],1
139,Chantal,"July 30 – August 3, 1989",80 mph (130 km/h),984 hPa (29.06 inHg),"Texas, Louisiana, Oklahoma, Midwestern United States",13,$100 million,[2],1
140,Felix,"August 25 – September 9, 1989",85 mph (140 km/h),979 hPa (28.91 inHg),None,0,,[2],1
141,Jerry,"October 12 – 16, 1989",85 mph (140 km/h),982 hPa (29.00 inHg),"Texas, eastern United States",3,$70 million,[2],1
142,Bertha,"July 24 – August 2, 1990",80 mph (130 km/h),973 hPa (28.73 inHg),"The Bahamas, United States East Coast, Bermuda, Atlantic Canada",9,$3.91 million,[2],1
143,Josephine,"September 21 – October 6, 1990",85 mph (140 km/h),980 hPa (28.94 inHg),None,0,,[2],1
144,Klaus,"October 3 – 9, 1990",80 mph (130 km/h),985 hPa (29.09 inHg),"Lesser Antilles, Puerto Rico, Hispaniola, Turks and Caicos Islands, The Bahamas, Southeastern United States",11,$1 million,[2],1
145,Lili,"October 6 – 14, 1990",75 mph (120 km/h),987 hPa (29.15 inHg),"Bermuda, United States East Coast, Atlantic Canada",0,,[2],1
146,Nana,"October 16 – 21, 1990",85 mph (140 km/h),989 hPa (29.21 inHg),Bermuda,0,,[2],1
147,1991 Perfect Storm,"October 31 - November 2, 1991",75 mph (120 km/h),980 hPa (28.94 inHg),"Northeastern United States, Mid-Atlantic states, Eastern Canada",13,$200 million,[2],1
148,Frances,"October 23 – 27, 1992",85 mph (140 km/h),976 hPa (28.82 inHg),"Newfoundland, Iberian Peninsula",0,,[2],1
149,Floyd,"September 7 – 10, 1993",75 mph (120 km/h),990 hPa (29.23 inHg),Newfoundland,0,,[2],1
150,Harvey,"September 18 – 21, 1993",75 mph (120 km/h),990 hPa (29.23 inHg),None,0,,[2],1
151,Chris,"August 16 – 23, 1994",80 mph (130 km/h),979 hPa (28.91 inHg),Bermuda,0,,[2],1
152,Gordon,"November 8 – 21, 1994",85 mph (140 km/h),980 hPa (28.94 inHg),"Central America, Cayman Islands, Jamaica, Hispaniola, Cuba, Turks and Caicos Islands, The Bahamas, Florida, Georgia, Mid-Atlantic states",1152,$594 million,[2],1
153,Allison,"June 3 – 6, 1995",75 mph (120 km/h),987 hPa (29.15 inHg),"Yucatán Peninsula, western Cuba, Florida, Georgia, The Carolinas, Atlantic Canada",1,$1.7 million,[2],1
154,Noel,"September 28 – October 7, 1995",75 mph (120 km/h),987 hPa (29.15 inHg),None,0,,[2],1
155,Tanya,"October 26 – November 1, 1995",85 mph (140 km/h),972 hPa (28.70 inHg),Azores,1,,[2],1
156,Cesar,"July 24 – 28, 1996",85 mph (140 km/h),985 hPa (29.09 inHg),"Windward Islands, Trinidad and Tobago, Leeward Antilles, Venezuela, Colombia, Mexico, Socorro Island, Panama, Guatemala, El Salvador",113,$203 million,[2],1
157,Dolly,"August 19 – 25, 1996",80 mph (130 km/h),989 hPa (29.21 inHg),"Belize, Mexico, Texas",14,,[2],1
158,Marco,"November 16 – 26, 1996",75 mph (120 km/h),983 hPa (29.03 inHg),"Cuba, Hispaniola, Central America, Jamaica, Florida",15,$8.2 million,[2],1
159,Bill,"July 11 – 13, 1997",75 mph (120 km/h),986 hPa (29.12 inHg),Newfoundland,0,,[2],1
160,Danny,"July 16 – 26, 1997",80 mph (130 km/h),984 hPa (29.06 inHg),"Louisiana, Alabama, Southeastern United States, Mid-Atlantic states, New England",9,$100 million,[2],1
161,Ivan,"September 19 – 27, 1998",90 mph (150 km/h),975 hPa (28.79 inHg),None,0,,[2],1
162,Lisa,"October 5 – 9, 1998",75 mph (120 km/h),995 hPa (29.38 inHg),None,0,,[2],1
163,Nicole,"November 24 – December 1, 1998",85 mph (140 km/h),979 hPa (28.91 inHg),None,0,,[2],1
164,Debby,"August 19 – 24, 2000",85 mph (140 km/h),991 hPa (29.26 inHg),"Lesser Antilles, Puerto Rico, Hispaniola, Turks and Caicos Islands, Cuba, Jamaica",1,$735 thousand,[2],1
165,Florence,"September 10 – 19, 2000",80 mph (130 km/h),985 hPa (29.09 inHg),"United States East Coast, Bermuda, Atlantic Canada",3,,[2],1
166,Gordon,"September 14 – 21, 2000",80 mph (130 km/h),981 hPa (28.97 inHg),"Belize, Yucatán Peninsula, Cuba, United States East Coast, Atlantic Canada",26,$10.8 million,[2],1
167,Joyce,"September 29 – October 2, 2000",90 mph (150 km/h),975 hPa (28.79 inHg),"Trinidad and Tobago, Windward Islands, Leeward Islands",0,,[2],1
168,Gabrielle,"September 11 – 19, 2001",80 mph (130 km/h),975 hPa (28.79 inHg),"Florida, Newfoundland",3,> 230 million,[2],1
169,Karen,"October 12 – 15, 2001",80 mph (130 km/h),982 hPa (29.00 inHg),"Bermuda, Atlantic Canada",0,$1.4 million,[2],1
170,Noel,"November 4 – 6, 2001",75 mph (120 km/h),986 hPa (29.12 inHg),Atlantic Canada,0,,[2],1
171,Olga,"November 24 – December 7, 2001",90 mph (150 km/h),973 hPa (28.73 inHg),"Bermuda, The Bahamas, Cuba, Florida",0,,[2],1
172,Kyle,"September 20 – October 14, 2002",85 mph (140 km/h),980 hPa (28.94 inHg),"Bermuda, Florida, Georgia, The Carolinas, British Isles",1,$5 million,[2],1
173,Claudette,"July 8 – 17, 2003",90 mph (150 km/h),979 hPa (28.91 inHg),"Windward Islands, Jamaica, Yucatán Peninsula, Northern Mexico, Texas",3,$181 million,[2],1
174,Danny,"July 16 – 21, 2003",75 mph (120 km/h),"1,000 hPa (29.53 inHg)",None,0,,[2],1
175,Erika,"August 14 – 17, 2003",75 mph (120 km/h),986 hPa (29.12 inHg),"Florida, Mexico, Southern Texas",2,$100 thousand,[2],1
176,Gaston,"August 27 – September 3, 2004",75 mph (120 km/h),985 hPa (29.09 inHg),"The Carolinas, Virginia, Maryland, Delaware, Massachusetts",9,$130 million,[2],1
177,Lisa,"September 19 – October 3, 2004",75 mph (120 km/h),987 hPa (29.15 inHg),None,0,,[2],1
178,Cindy,"July 3 – 12, 2005",75 mph (120 km/h),991 hPa (29.26 inHg),"Yucatán Peninsula, The Carolinas, Alabama, Mississippi, Louisiana",3,$320 million,[2],1
179,Nate,"September 5 – 13, 2005",90 mph (150 km/h),976 hPa (28.82 inHg),"Bermuda, United States East Coast, Scotland, Norway",2,,[2],1
180,Ophelia,"September 6 – 23, 2005",85 mph (140 km/h),976 hPa (28.82 inHg),"The Bahamas, Eastern Coast of the United States, Atlantic Canada, Europe",3,$70 million,[2],1
181,Philippe,"September 17 – 23, 2005",80 mph (130 km/h),985 hPa (29.09 inHg),Bermuda,0,,[2],1
182,Stan,"October 1 – 5, 2005",80 mph (130 km/h),977 hPa (28.85 inHg),"Costa Rica, Nicaragua, Honduras, El Salvador, Belize, Guatemala, Mexico",1668,$3.96 billion,[2],1
183,Vince,"October 8 – 11, 2005",75 mph (120 km/h),988 hPa (29.18 inHg),"Madeira Islands, Southern Portugal, Southwestern Spain",0,,[2],1
184,Epsilon,"November 29 – December 10, 2005",85 mph (140 km/h),981 hPa (28.97 inHg),None,0,,[2],1
185,Ernesto,"August 24 – September 1, 2006",75 mph (120 km/h),985 hPa (29.09 inHg),"Lesser Antilles, Puerto Rico, Hispaniola, Cuba, United States East Coast, Atlantic Canada",11,$500 million,[2],1
186,Florence,"September 3 – 18, 2006",90 mph (150 km/h),974 hPa (28.76 inHg),"Bermuda, Newfoundland, United States East Coast, Atlantic Canada, Iceland, Greenland",0,$200 thousand,[2],1
187,Isaac,"September 27 – October 2, 2006",85 mph (140 km/h),985 hPa (29.09 inHg),Newfoundland,0,,[2],1
188,Humberto,"September 12 – 14, 2007",90 mph (150 km/h),985 hPa (29.09 inHg),"Texas, Louisiana, Mississippi, The Carolinas",1,$50 million,[2],1
189,Karen,"September 25 – 29, 2007",75 mph (120 km/h),988 hPa (29.18 inHg),None,0,,[2],1
190,Lorenzo,"September 25 – 28, 2007",80 mph (130 km/h),990 hPa (29.23 inHg),Central Mexico,6,$92 million,[2],1
191,Noel,"October 28 – November 7, 2007",80 mph (130 km/h),980 hPa (28.94 inHg),"The Caribbean, The Bahamas, Florida, Eastern United States, Eastern Canada, Greenland, Western Europe",222,$580 million,[2],1
192,Hanna,"August 28 – September 12, 2008",85 mph (140 km/h),977 hPa (28.85 inHg),"Puerto Rico, Turks and Caicos Islands, The Bahamas, Hispaniola, United States East Coast, Atlantic Canada",537,$160 million,[2],1
193,Kyle,"September 25 – 30, 2008",85 mph (140 km/h),984 hPa (29.06 inHg),"Puerto Rico, Hispaniola, Bermuda, New England, Atlantic Canada",8,$57.1 million,[2],1
194,Four,"October 11 – 22, 1922",110 mph (175 km/h),984 hPa (29.06 inHg),"Colombia, Yucatán Peninsula, Tabasco",0,Unknown,[2][150][151],2
195,Two,"September 1 – 9, 1923",105 mph (165 km/h),989 hPa (29.21 inHg),None,0,None,[2][77],2
196,Four,"August 26 – September 3, 1924",110 mph (175 km/h),965 hPa (28.50 inHg),"Guadeloupe, Montserrat, Anguilla, Saint Thomas, Leeward Islands",89,Heavy,[2][152][153][154],2
197,Five,"September 10 – 14, 1926",105 mph (165 km/h),1000 hPa (29.53 inHg),None,0,None,[2][155],2
198,Eight,"September 21 – October 1, 1926",105 mph (165 km/h),978 hPa (28.88 inHg),Azores,0,Minor,[2][155],2
199,Four,"September 23 – 28, 1927",110 mph (175 km/h),967 hPa (28.56 inHg),None,0,None,[2][77],2
200,One,"August 3 – 10, 1928",105 mph (165 km/h),971 hPa (28.67 inHg),"Bahamas, Florida, Georgia, South Carolina",2,$235 thousand,[2][77][156][157],2
201,Seven,"September 8 – 16, 1931",100 mph (155 km/h),987 hPa (29.15 inHg),"Puerto Rico, Dominican Republic, Haiti, Jamaica, Belize, Yucatán Peninsula, Veracruz",2,Moderate,[2][77][158][159],2
202,Fifteen,"November 3 – 10, 1932",100 mph (155 km/h),973 hPa (28.73 inHg),Azores,0,Unknown,[2][160],2
203,Two,"June 24 – July 8, 1933",110 mph (175 km/h),965 hPa (28.50 inHg),"Trinidad, Venezuela, Jamaica, Cayman Islands, Cuba, Tamaulipas",35,$7.5 million,[2][161][162],2
204,Thirteen,"September 10 – 15, 1933",110 mph (175 km/h),960 hPa (28.35 inHg),"Guatemala, Belize, Quintana Roo, Yucatán Peninsula, Tampico",67,Millions,[2][163][164],2
205,One,"June 4 – 18, 1934",100 mph (155 km/h),966 hPa (28.53 inHg),"Belize, Guatemala, Chiapas, Yucatán Peninsula, Louisiana, Mississippi, Tennessee",">1,000",$4.4 million,.[2][165][166][167],2
206,Seven,"September 3 – 7, 1934",105 mph (165 km/h),967 hPa (28.56 inHg),United States East Coast,8,$10 thousand,[2][165][168][169],2
207,Ten,"October 1 – 4, 1934",100 mph (155 km/h),984 hPa (29.06 inHg),None,0,None,[2][165],2
208,Seven,"October 30 – November 8, 1935",105 mph (165 km/h),964 hPa (28.47 inHg),"The Bahamas, Florida",19,$5.5 million,[2][170][171],2
209,Five,"July 27 – August 1, 1936",105 mph (165 km/h),964 hPa (28.47 inHg),"Bahamas, Florida, Alabama",4,$200 thousand,[2][172],2
210,Ten,"August 25 – September 5, 1936",110 mph (175 km/h),959 hPa (28.32 inHg),None,0,None,[2][173],2
211,Fifteen,"September 18 – 25, 1936",105 mph (165 km/h),977 hPa (28.85 inHg),Nova Scotia,0,None,[2][174],2
212,Four,"September 9 – 14, 1937",100 mph (155 km/h),992 hPa (29.29 inHg),"Nova Scotia, Canada",0,$1.5 million,[2][77][175],2
213,Eight,"September 20 – 26, 1937",100 mph (155 km/h),982 hPa (29.00 inHg),None,0,None,[2][77][176],2
214,Two,"August 3 – 10, 1940",100 mph (155 km/h),972 hPa (28.70 inHg),"Texas, Louisiana, Arkansas",7,$10.75 million,[2][177][178],2
215,Three,"August 5 – 14, 1940",100 mph (155 km/h),972 hPa (28.70 inHg),"South Carolina, Mid-Atlantic states",52,$13 million,[2][179][77][180],2
216,Four,"August 26 – September 2, 1940",110 mph (175 km/h),961 hPa (28.38 inHg),"North Carolina, New England, Nova Scotia, Quebec",7,$4.05 million,[2][77][181],2
217,Five,"September 7 – 17, 1940",100 mph (155 km/h),988 hPa (29.18 inHg),"Nova Scotia, Newfoundland",3,$1.49 million,[2][77][182],2
218,Seven,"September 22 – 28, 1940",100 mph (155 km/h),977 hPa (28.85 inHg),Azores,0,None,[2][183],2
219,Four,"August 25 – September 3, 1942",110 mph (175 km/h),Unknown,None,0,None,[2][77],2
220,Eleven,"November 5 – 11, 1942",110 mph (175 km/h),992 hPa (29.29 inHg),"Cuba, Belize, Mexico",9,$9 million,[2][77][184],2
221,One,"July 25 – 30, 1943",105 mph (165 km/h),967 hPa (28.56 inHg),"Texas, Louisiana",19,$17 million,[2][185][186][187],2
222,Six,"September 15 – 20, 1943",100 mph (155 km/h),Unknown,United States Gulf Coast,0,$419 thousand,[2][186],2
223,Nine,"October 11 – 17, 1943",110 mph (175 km/h),Unknown,"Leeward Islands, Puerto Rico, Bermuda",0,$300 thousand,[2][186][77][188],2
224,Nine,"September 21 – 26, 1944",100 mph (155 km/h),Unknown,None,0,None,[2][77],2
225,One,"June 20 – 27, 1945",100 mph (155 km/h),985 hPa (29.09 inHg),United States East Coast,1,$750 thousand,[2][189][190][191],2
226,Eleven,"October 10 – 13, 1945",100 mph (155 km/h),982 hPa (29.00 inHg),"Greater Antilles, Bahamas",5,$2 million,[2][192][77],2
227,Four,"September 12 – 15, 1946",100 mph (155 km/h),975 hPa (28.79 inHg),"Bahamas, Nova Scotia, Newfoundland",0,None,[2][77][193],2
228,Six,"October 5 – 9, 1946",100 mph (155 km/h),977 hPa (28.85 inHg),"Cuba, Florida, Georgia, South Carolina",5,$5.2 million,[2][77][194][195],2
229,Charlie,"August 9 – 16, 1947",110 mph (175 km/h),977 hPa (28.85 inHg),"Quintana Roo, Tamaulipas",48,Unknown,[2][196][197],2
230,King,"October 8 – 16, 1947",105 mph (165 km/h),965 hPa (28.50 inHg),"Honduras, Florida, Alabama",1,$3.26 million,[2][198][199],2
231,One,"August 21 – 25, 1949",110 mph (175 km/h),974 hPa (28.76 inHg),North Carolina,2,$50 thousand,[2][200][201],2
232,Eleven,"September 27 – October 6, 1949",110 mph (175 km/h),965 hPa (28.50 inHg),"Guatemala, Campeche, Texas",2,$6.7 million,[2][78][202],2
233,Baker,"August 18 – September 1, 1950",105 mph (165 km/h),978 hPa (28.88 inHg),"Leeward Islands, Puerto Rico, Hispaniola, Cuba, United States Gulf Coast",38,$2.5 million,[2][203][204],2
234,Charlie,"August 21 – September 5, 1950",110 mph (175 km/h),974 hPa (28.76 inHg),None,0,None,[2][204],2
235,George,"September 27 – October 5, 1950",110 mph (175 km/h),960 hPa (28.35 inHg),Iceland,0,None,[2][204][205][206],2
236,Item,"October 8 – 11, 1950",105 mph (165 km/h),976 hPa (28.82 inHg),"Yucatán Peninsula, Western Mexico",0,$1.5 million,[2][204][207][208],2
237,How,"September 29 – October 5, 1951",100 mph (155 km/h),972 hPa (28.70 inHg),"Florida, Iceland",17,$2 million,[2][209][210],2
238,Able,"August 18 – September 3, 1952",100 mph (155 km/h),980 hPa (28.94 inHg),"South Carolina, North Carolina, Virginia, Maryland",3,$21.7 million,[2][211][212],2
239,Baker,"August 31 – September 8, 1952",110 mph (175 km/h),969 hPa (28.61 inHg),None,0,None,[2][211][213],2
240,Easy,"October 6 – 11, 1952",105 mph (165 km/h),968 hPa (28.59 inHg),None,0,None,[2][211],2
241,Alice,"June 24 – 27, 1954",110 mph (175 km/h),975 hPa (28.79 inHg),Mexico,56,$2 million,[2][214][215],2
242,Thirteen,"September 25 – October 6, 1954",100 mph (155 km/h),964 hPa (28.47 inHg),None,0,None,[2][216],2
243,Diane,"August 7 – 20, 1955",105 mph (165 km/h),969 hPa (28.61 inHg),"North Carolina, Pennsylvania, New York, New Jersey, New England",184,$754.7 million,[2][217][218],2
244,Edith,"August 21 – 31, 1955",105 mph (165 km/h),967 hPa (28.56 inHg),None,0,None,[2][219][220],2
245,Flora,"September 2 – 9, 1955",105 mph (165 km/h),967 hPa (28.56 inHg),None,0,None,[221],2
246,Katie,"October 14 – 19, 1955",110 mph (175 km/h),984 hPa (29.06 inHg),"Central America, Dominican Republic, Hispaniola, Puerto Rico, Cuba, Bahamas, Dominica",7,$200 thousand,[2][222][223],2
247,Greta,"October 31 – November 6, 1956",100 mph (155 km/h),970 hPa (28.64 inHg),"Cuba, Bahamas, Florida, Guadeloupe",1,$3.58 million,[2][224],2
248,Ella,"August 30 – September 6, 1958",110 mph (175 km/h),983 hPa (29.03 inHg),"Haiti, Dominican Republic, Cuba, Louisiana, Texas",37,>$100 thousand,[2][225][226],2
249,Ilsa,"September 24 – 30, 1958",110 mph (175 km/h),956 hPa (28.23 inHg),Bermuda,0,None,[2][225][227][228],2
250,Janice,"October 4 – 11, 1958",100 mph (155 km/h),968 hPa (28.59 inHg),"Jamaica, Cuba, Bahamas",9,$200 thousand,[2][225][229],2
251,Anna,"July 20 – 24, 1961",105 mph (165 km/h),976 hPa (28.82 inHg),"Windward Islands, Colombia, Venezuela, Central America, Jamaica",1,$300 thousand,[2][230][231][232],2
252,Daisy,"September 29 – October 7, 1962",105 mph (165 km/h),963 hPa (28.44 inHg),"Leeward Islands, Bermuda, New England, Atlantic Canada",32,$1.1 million,[2][233][234],2
253,Ella,"October 14 – 22, 1962",110 mph (175 km/h),958 hPa (28.29 inHg),"Cuba, United States East Coast, Atlantic Canada",2,Unknown,[2][235][236][237],2
254,Edith,"September 23 – 29, 1963",100 mph (155 km/h),990 hPa (29.23 inHg),"Lesser Antilles, Puerto Rico, Hispaniola, Turks and Caicos Islands, Bahamas",10,$46.6 million,[2][238][239][240],2
255,Ginny,"October 17 – 29, 1963",110 mph (175 km/h),948 hPa (27.99 inHg),"Hispaniola, Turks and Caicos Islands, The Bahamas, United States East Coast, Nova Scotia, Newfoundland",5,$500 thousand,[2][241][242][243],2
256,Ethel,"September 4 – 14, 1964",105 mph (165 km/h),974 hPa (28.76 inHg),Bermuda,0,Minimal,[2][244][245],2
257,Anna,"August 21 – 25, 1965",105 mph (165 km/h),976 hPa (28.82 inHg),None,0,None,[2][246],2
258,Elena,"October 12 – 19, 1965",110 mph (175 km/h),977 hPa (28.85 inHg),None,0,None,[246],2
259,Chloe,"September 5 – 21, 1967",110 mph (175 km/h),958 hPa (28.29 inHg),"Cape Verde, Spain, France",14,Unknown,[2][247],2
260,Kara,"October 7 – 18, 1969",105 mph (165 km/h),978 hPa (28.88 inHg),North Carolina,0,None,[2][248],2
261,Laurie,"October 17 – 27, 1969",105 mph (165 km/h),973 hPa (28.73 inHg),Mexico,0,Minor,[2][248][249],2
262,Eighteen,"October 12 – 17, 1970",105 mph (165 km/h),974 hPa (28.76 inHg),"Bermuda, Nova Scotia, Newfoundland",0,Unknown,[2][250][251][252],2
263,Ginger,"September 6 – October 3, 1971",110 mph (175 km/h),959 hPa (28.32 inHg),"Bahamas, North Carolina",1,$10 million,[2][253][254][255],2
264,Betty,"August 22 – September 1, 1972",105 mph (165 km/h),976 hPa (28.82 inHg),None,0,None,[2][256],2
265,Fifi,"September 14 – 22, 1974",110 mph (175 km/h),971 hPa (28.67 inHg),"Hispaniola, Jamaica, Mexico, Central America",8210,$1.8 billion,[2][257][258][259][260],2
266,Doris,"August 28 – September 4, 1975",110 mph (175 km/h),965 hPa (28.50 inHg),None,0,None,[2][261],2
267,Faye,"September 18 – 29, 1975",105 mph (165 km/h),977 hPa (28.85 inHg),Bermuda,0,Minimal,[2][261][262],2
268,Emmy,"August 20 – September 4, 1976",105 mph (165 km/h),974 hPa (28.76 inHg),"Lesser Antilles, Azores",68,Minimal,[2][263],2
269,Gloria,"September 26 – October 4, 1976",105 mph (165 km/h),970 hPa (28.64 inHg),None,0,None,[2][264],2
270,Flossie,"September 4 – 15, 1978",100 mph (155 km/h),976 hPa (28.82 inHg),None,0,None,[2][265],2
271,Gloria,"September 4 – 15, 1979",100 mph (155 km/h),975 hPa (28.79 inHg),None,0,None,[2][266],2
272,Bonnie,"August 14 – 19, 1980",100 mph (155 km/h),975 hPa (28.79 inHg),None,0,None,[2][267][268],2
273,Ivan,"October 4 – 11, 1980",105 mph (165 km/h),970 hPa (28.64 inHg),None,0,None,[2][269][270],2
274,Jeanne,"November 8 – 16, 1980",100 mph (155 km/h),986 hPa (29.12 inHg),"Florida, Gulf of Mexico, United States Gulf Coast",0,Minimal,[2][271],2
275,Gert,"September 7 – 15, 1981",105 mph (165 km/h),988 hPa (29.18 inHg),Puerto Rico,0,None,[2][272][273],2
276,Josephine,"October 7 – 18, 1984",105 mph (165 km/h),965 hPa (28.50 inHg),United States East Coast,1,Minor,[2][274][275],2
277,Earl,"September 10 – 18, 1986",105 mph (165 km/h),979 hPa (28.91 inHg),None,0,None,[2][276],2
278,Dean,"July 31 – August 9, 1989",105 mph (165 km/h),968 hPa (28.59 inHg),"Leeward Islands, Bermuda, North Carolina, Newfoundland",0,$8.9 million,[2][277][278],2
279,Erin,"August 18 – 27, 1989",105 mph (165 km/h),968 hPa (28.59 inHg),Cape Verde,0,None,[2][279],2
280,Diana,"August 4 – 9, 1990",100 mph (155 km/h),980 hPa (28.94 inHg),Central America,139,Extensive,[280],2
281,Isidore,"September 4 – 17, 1990",100 mph (155 km/h),978 hPa (28.88 inHg),None,None,None,[280],2
282,Grace,"October 25 – 29, 1991",105 mph (165 km/h),980 hPa (28.94 inHg),None,None,None,[281],2
283,Bonnie,"September 17 – 30, 1992",110 mph (175 km/h),965 hPa (28.50 inHg),Azores,1,Minimal,[282],2
284,Charley,"September 21 – 27, 1992",110 mph (175 km/h),965 hPa (28.50 inHg),Azores,None,None,[282],2
285,Gert,"September 14 – 21, 1993",100 mph (155 km/h),970 hPa (28.64 inHg),Central America,76,,[283],2
286,Florence,"November 2 – 8, 1994",110 mph (175 km/h),972 hPa (28.70 inHg),None,None,None,[284],2
287,Erin,"July 31 – August 6, 1995",100 mph (155 km/h),973 hPa (28.73 inHg),"Florida, Mid-Atlantic States, New England",,13,[285],2
288,Humberto,"August 21 – September 1, 1995",110 mph (175 km/h),968 hPa (28.59 inHg),None,None,None,[285],2
289,Iris,"August 22 – September 4, 1995",110 mph (175 km/h),965 hPa (28.50 inHg),"Antigua, Montserrat, Barbuda",Unknown,5,[285][286],2
290,Danielle,"August 24 – September 3, 1998",105 mph (165 km/h),960 hPa (28.35 inHg),"Puerto Rico, United States East Coast, Atlantic Canada, United Kingdom",None,,[287][288],2
291,Earl,"August 31 – September 3, 1998",100 mph (155 km/h),985 hPa (29.09 inHg),"Mexico, Florida",3,,[287],2
292,Jeanne,"September 21 – October 1, 1998",105 mph (165 km/h),969 hPa (28.61 inHg),None,None,None,[287],2
293,Karl,"September 23 – 28, 1998",105 mph (165 km/h),970 hPa (28.64 inHg),None,None,None,[287],2
294,Dennis,"August 24 – September 7, 1999",105 mph (165 km/h),962 hPa (28.41 inHg),"The Bahamas, United States East Coast, Atlantic Canada",4,,[289],2
295,Irene,"October 12 – 19, 1999",110 mph (175 km/h),958 hPa (28.29 inHg),"Cuba, Southeastern United States",18,,[289],2
296,Jose,"October 17 – 25, 1999",100 mph (155 km/h),979 hPa (28.91 inHg),"Lesser Antilles, Puerto Rico",2,,[289],2
297,Michael,"October 15 – 20, 2000",100 mph (155 km/h),965 hPa (28.50 inHg),"Bermuda, United States East Coast, Atlantic Canada",None,Minimal,[290],2
298,Humberto,"September 21 – 27, 2001",105 mph (165 km/h),970 hPa (28.64 inHg),None,None,None,[291],2
299,Gustav,"September 8 – 12, 2002",100 mph (155 km/h),960 hPa (28.35 inHg),"North Carolina, Virginia, New Jersey",4,,[292][293],2
300,Juan,"September 24 – 29, 2003",110 mph (175 km/h),969 hPa (28.61 inHg),Canada,8,,[294],2
301,Danielle,"August 13 – 21, 2004",110 mph (175 km/h),964 hPa (28.47 inHg),Cape Verde,None,None,[295],2
302,Irene,"August 4 – 18, 2005",105 mph (165 km/h),970 hPa (28.64 inHg),United States East Coast,1,None,[296],2
303,Dolly,"July 20 – 27, 2008",100 mph (155 km/h),963 hPa (28.44 inHg),"Guatemala, Mexico, South Central United States",26,,[297][298][299],2
304,Ida,"November 1 – 10, 2009",105 mph (165 km/h),975 hPa (28.79 inHg),"Nicaragua, Yucatán Peninsula, Cuba, Southeastern United States",4,,[300][301][302],2
305,Alex,"June 25 – July 2, 2010",110 mph (175 km/h),946 hPa (27.94 inHg),"Greater Antilles, Belize, Mexico, Texas",52,,[303],2
306,Paula,"October 11 – 15, 2010",105 mph (165 km/h),981 hPa (28.97 inHg),"Nicaragua, Honduras, MexicoCuba, Bahamas, Florida",1,Unknown,[303],2
307,Richard,"October 20 – 26, 2010",100 mph (155 km/h),977 hPa (28.85 inHg),"Honduras, Belize, Guatemala, Mexico",2,,[303],2
308,Tomas,"October 29 – November 7, 2010",100 mph (155 km/h),982 hPa (29.00 inHg),"Windward Islands, Leeward AntillesGreater Antilles, Lucayan Archipelago",51,,[303],2
309,Ernesto,"August 1 – 10, 2012",100 mph (155 km/h),973 hPa (28.73 inHg),"Windward Islands, Jamaica, Central America, Mexico",12,,[304],2
310,Gordon,"August 15 – 20, 2012",110 mph (175 km/h),965 hPa (28.50 inHg),Azores,None,None,[305],2
311,Kirk,"August 28 – September 4, 2012",105 mph (165 km/h),970 hPa (28.64 inHg),None,None,None,[306],2
312,Arthur,"July 1 – 5, 2014",100 mph (155 km/h),973 hPa (28.73 inHg),"Bahamas, North Carolina, Nova Scotia",1,,[307],2
313,Gert,"August 12 – 17, 2017",110 mph (175 km/h),962 hPa (28.41 inHg),"Bermuda, United States East Coast, Atlantic Canada",2,Unknown,[308],2
314,Katia,"September 5 – 9, 2017",105 mph (165 km/h),972 hPa (28.70 inHg),Mexico,3,,[309],2
315,Chris,"July 6 – 12, 2018",105 mph (165 km/h),969 hPa (28.61 inHg),"Bermuda, Iceland",1,Minimal,[310],2
316,Helene,"September 7 – 16, 2018",110 mph (175 km/h),967 hPa (28.56 inHg),"West Africa, Cape Verde, Azores",3,Minimal,[311],2
317,Oscar,"October 26 – 31, 2018",110 mph (175 km/h),966 hPa (28.53 inHg),Faroe Islands,None,None,[312],2
318,Jerry,"September 17 – 24, 2019",105 mph (165 km/h),976 hPa (28.82 inHg),None,None,None,[313],2
319,Paulette,"September 7 – 23, 2020",105 mph (165 km/h),965 hPa (28.50 inHg),Bermuda,1,,[314],2
320,Sally,"September 11 – 17, 2020",110 mph (175 km/h),965 hPa (28.50 inHg),"The Bahamas, Cuba, United States Gulf Coast",8,,[315],2
321,San Pedro,"September 9–15, 1921",125 mph (205 km/h),961 hPa (28.38 inHg),"Windward Islands, Greater Antilles",80,,[12],3
322,Unnamed,"September 16–22, 1922 †",120 mph (195 km/h),960 hPa (28.35 inHg),"Leeward Islands, Bermuda",,,,3
323,Unnamed,"September 29–30, 1923",120 mph (195 km/h),960 hPa (28.35 inHg),"Bahamas, Newfoundland",,,,3
324,Unnamed,"August 22–24, 1924",120 mph (195 km/h),960 hPa (28.35 inHg),"Puerto Rico, East Coast of the United States",2,,[70],3
325,Unnamed,"August 2–6, 1926",120 mph (195 km/h),968 hPa (28.59 inHg),"Bermuda, Atlantic Canada",55,,[71][72],3
326,Unnamed,"August 25, 1926",115 mph (185 km/h),955 hPa (28.20 inHg),Louisiana,25,,[73][74],3
327,Unnamed,"August 21–24, 1927",125 mph (205 km/h),950 hPa (28.05 inHg),"East Coast of the United States, Atlantic Canada",175,,[75],3
328,Unnamed,"August 25–27, 1930",125 mph (205 km/h),960 hPa (28.35 inHg),Bermuda,,,[76],3
329,Unnamed,"October 5–6, 1933",125 mph (205 km/h),958 hPa (28.29 inHg),"Jamaica, Cuba, Florida, Bahamas, Atlantic Canada",10,,[77][78],3
330,Unnamed,"November 23–24, 1934",115 mph (185 km/h),955 hPa (28.20 inHg),Bermuda,,,[79],3
331,Unnamed,"September 15–17, 1936",120 mph (195 km/h),962 hPa (28.41 inHg),East Coast of the United States,2,,[80],3
332,Unnamed,"August 15–17, 1937",125 mph (205 km/h),951 hPa (28.08 inHg),No land areas,,,,3
333,Unnamed,"August 25–26, 1938",120 mph (195 km/h),964 hPa (28.47 inHg),Mexico,,,[81],3
334,Unnamed,"September 23, 1941",125 mph (205 km/h),942 hPa (27.82 inHg),"Central United States, Canada",7,,[82][83],3
335,Unnamed,"October 5, 1941",120 mph (195 km/h),962 hPa (28.41 inHg),"Bahamas, Southeastern United States",10,,[82][84],3
336,Unnamed,"August 29–30, 1942",115 mph (185 km/h),950 hPa (28.05 inHg),"Mexico, Texas",8,,[85],3
337,Unnamed,"September 3–5, 1943",120 mph (195 km/h),,"Bermuda, Atlantic Canada",,,[86],3
338,Unnamed,"August 19–20, 1944",120 mph (195 km/h),963 hPa (28.44 inHg),"Windward Islands, Jamaica, Mexico",216,,[87],3
339,Unnamed,"August 26–27, 1945",115 mph (185 km/h),963 hPa (28.44 inHg),Texas,3,,[88],3
340,Love,"October 19–20, 1947",120 mph (195 km/h),961 hPa (28.38 inHg),Bermuda,,,[89],3
341,Able,"August 28–29, 1948",120 mph (195 km/h),983 hPa (29.03 inHg),"East Coast of the United States, Atlantic Canada",,,[90][91],3
342,Fox,"October 5, 1948",125 mph (205 km/h),971 hPa (28.67 inHg),"Cuba, Florida, Bahamas, Bermuda",11,,[90][92],3
343,Unnamed,"September 6–10, 1949",125 mph (205 km/h),974 hPa (28.76 inHg),"Bermuda, Newfoundland",,,[93],3
344,Able,"August 17–20, 1950",115 mph (185 km/h),978 hPa (28.88 inHg),"East Coast of the United States, Atlantic Canada",11,,[94][95],3
345,Easy,"September 5, 1950",120 mph (195 km/h),958 hPa (28.29 inHg),"Cuba, Florida",2,,[96],3
346,Jig,"October 15, 1950",115 mph (185 km/h),987 hPa (29.15 inHg),No land areas,,,,3
347,Fox,"September 7–8, 1951",115 mph (185 km/h),978 hPa (28.88 inHg),No land areas,,,,3
348,Charlie,"September 26–27, 1952",120 mph (195 km/h),980 hPa (28.94 inHg),"Puerto Rico, Bermuda",4,,[97],3
349,Edna,"September 17–18, 1953",115 mph (185 km/h),962 hPa (28.41 inHg),Bermuda,,,[98],3
350,Florence,"September 25, 1953",115 mph (185 km/h),968 hPa (28.59 inHg),Gulf Coast of the United States,,,[99],3
351,Carol,"August 31, 1954",115 mph (185 km/h),955 hPa (28.20 inHg),"East Coast of the United States, Atlantic Canada",,[11][100][101][102],,3
352,Edna,"September 9–11, 1954",125 mph (205 km/h),943 hPa (27.85 inHg),"New England, Atlantic Canada",27,,[103][104][105][106],3
353,Hilda,"September 15–19, 1955 †",120 mph (195 km/h),952 hPa (28.11 inHg),"Cuba, Mexico",304,,[107],3
354,Betsy,"August 13–17, 1956 †",120 mph (195 km/h),959 hPa (28.32 inHg),"Leeward Islands, Puerto Rico, Bahamas",,[108][109],,3
355,Audrey,"June 27, 1957",125 mph (205 km/h),946 hPa (27.94 inHg),"Gulf Coast of the United States, Canada",431,,[11][110][111],3
356,Hannah,"September 30–October 2, 1959",120 mph (195 km/h),959 hPa (28.32 inHg),Azores,,,[112],3
357,Ethel,"September 14–15, 1960",115 mph (185 km/h),974 hPa (28.76 inHg),Gulf Coast of the United States,1,,[113][114],3
358,Arlene,"August 9–10, 1963",115 mph (185 km/h),969 hPa (28.61 inHg),"Leeward Islands, Bermuda",,,,3
359,Beulah,"August 24, 1963",120 mph (195 km/h),958 hPa (28.29 inHg),No land areas,,,,3
360,Isbell,"October 14–15, 1964",115 mph (185 km/h),964 hPa (28.47 inHg),"Cuba, East Coast of the United States",7,,[115][116][117],3
361,Alma,"June 8–9, 1966",125 mph (205 km/h),970 hPa (28.64 inHg),"Central America, Cuba, East Coast of the United States",93,,[118][119][120],3
362,Faith,"August 28–29, 1966",120 mph (195 km/h),950 hPa (28.05 inHg),"Atlantic Canada, Northern Europe",5,,[121][122],3
363,Debbie,"August 18–23, 1969 †",120 mph (195 km/h),951 hPa (28.08 inHg),Atlantic Canada,,,[123],3
364,Francelia,"September 2, 1969",115 mph (185 km/h),973 hPa (28.73 inHg),Central America,271,,[124],3
365,Gerda,"September 9, 1969",125 mph (205 km/h),979 hPa (28.91 inHg),"East Coast of the United States, Atlantic Canada",,,[125],3
366,Inga,"October 5, 1969",115 mph (185 km/h),964 hPa (28.47 inHg),Bermuda,,,[126],3
367,Ella,"September 12, 1970",125 mph (205 km/h),967 hPa (28.56 inHg),"Cuba, Florida, Texas",1,,[127][128],3
368,Ellen,"September 22, 1973",115 mph (185 km/h),962 hPa (28.41 inHg),No land areas,,,,3
369,Becky,"August 30–31, 1974",115 mph (185 km/h),977 hPa (28.85 inHg),No land areas,,,,3
370,Caroline,"August 31, 1975",115 mph (185 km/h),963 hPa (28.44 inHg),"Turks and Caicos, Cuba, Mexico",2,,[129],3
371,Eloise,"September 23, 1975",125 mph (205 km/h),955 hPa (28.20 inHg),"Lesser Antilles, Greater Antilles, Yucatán peninsula, Gulf Coast of the United States, eastern United States",80,,[12][130],3
372,Belle,"August 8–9, 1976",120 mph (195 km/h),957 hPa (28.26 inHg),East Coast of the United States,,[131][132][133],,3
373,Frances,"September 1, 1976",115 mph (185 km/h),963 hPa (28.44 inHg),No land areas,,,,3
374,Frances,"September 9, 1980",115 mph (185 km/h),958 hPa (28.29 inHg),Cape Verde,,,[134],3
375,Floyd,"September 7, 1981",115 mph (185 km/h),975 hPa (28.79 inHg),"Lesser Antilles, Bermuda",,,,3
376,Irene,"September 28–29, 1981",120 mph (195 km/h),959 hPa (28.32 inHg),No land areas,,,,3
377,Alicia,"August 18, 1983",115 mph (185 km/h),962 hPa (28.41 inHg),Texas,21,,[135][136],3
378,Elena,"September 1-2, 1985",125 mph (205 km/h),953 hPa (28.14 inHg),"Cuba, Mississippi",9,$1.3 billion,,3
379,Kate,"November 20–21, 1985",120 mph (195 km/h),954 hPa (28.17 inHg),"Cuba, Florida",15,,[137],3
380,Emily,"September 22–23, 1987",125 mph (205 km/h),958 hPa (28.29 inHg),"Lesser Antilles, Greater Antilles, Bermuda, Bahamas",3,,[138],3
381,Gustav,31-Aug-90,120 mph (195 km/h),956 hPa (28.23 inHg),No Land Areas,0,Minimal,[139],3
382,Bob,19-Aug-91,115 mph (185 km/h),950 hPa (28.05 inHg),"East Coast of the United States, Nova Scotia",17,,[140],3
383,Emily,"August 31-September 1, 1993",115 mph (185 km/h),960 hPa (28.35 inHg),North Carolina,3,,[141],3
384,Marilyn,"September 16–17, 1995",115 mph (185 km/h),949 hPa (28.02 inHg),"United States Virgin Islands, Puerto Rico, Dominica, Martinique, Guadeloupe",,[142],,3
385,Roxanne,"October 10–11, 1995",115 mph (185 km/h),956 hPa (28.23 inHg),"Yucatán Peninsula, Veracruz, Tabasco",29,,[143],3
386,Bertha,9-Jul-96,115 mph (185 km/h),960 hPa (28.35 inHg),"Northeastern Caribbean, Florida, North Carolina",,[144],,3
387,Fran,"September 4–6, 1996",120 mph (195 km/h),946 hPa (27.94 inHg),"North Carolina, South Carolina, Virginia, West Virginia, Pennsylvania",27,,[145],3
388,Isidore,28-Sep-96,115 mph (185 km/h),960 hPa (28.35 inHg),No land areas,0,None,[146],3
389,Lili,19-Oct-96,115 mph (185 km/h),960 hPa (28.35 inHg),"Central America, Cuba, Florida, Bahamas, Bermuda, Ireland, Great Britain",22,,[147],3
390,Erika,"September 8–10, 1997",125 mph (205 km/h),946 hPa (27.94 inHg),"Leeward Islands, Puerto Rico, Azores",2,,[148],3
391,Bonnie,"August 23–26, 1998",115 mph (185 km/h),955 hPa (28.20 inHg),"Leeward Islands, North Carolina, Mid-Atlantic States",5,,[149],3
392,Alberto,"August 12–13, 2000",125 mph (205 km/h),950 hPa (28.05 inHg),No land areas,0,None,[150],3
393,Erin,"September 9–10, 2001",120 mph (195 km/h),968 hPa (28.59 inHg),"Bermuda, Newfoundland, East Coast of the United States",None,Minimal,[151],3
394,Felix,14-Sep-01,115 mph (185 km/h),962 hPa (28.41 inHg),Azores,None,None,[152],3
395,Isidore,"September 21–23, 2002",125 mph (205 km/h),934 hPa (27.58 inHg),"Windward Islands, Southeast Mexico, Louisiana",22,,[153],3
396,Kate,"October 3–5, 2003",125 mph (205 km/h),952 hPa (28.11 inHg),Newfoundland,None,None,[154],3
397,Alex,5-Aug-04,120 mph (195 km/h),957 hPa (28.26 inHg),North Carolina,1,,[155],3
398,Jeanne,"September 25–26, 2004",120 mph (195 km/h),950 hPa (28.05 inHg),"Guadeloupe, Hispaniola, Bahamas, Florida",3037,,[156],3
399,Maria,6-Sep-05,115 mph (185 km/h),962 hPa (28.41 inHg),"East Coast of the United States, Norway",3,Minimal,[157][158],3
400,Beta,30-Oct-05,115 mph (185 km/h),962 hPa (28.41 inHg),Central America,,[159][160][161][162][163][164][165][166][167],,3
401,Gordon,"September 14–15, 2006",120 mph (195 km/h),955 hPa (28.20 inHg),"Azores, Iberian Peninsula, British Isles",None,,[168][169],3
402,Helene,8-Sep-06,120 mph (195 km/h),955 hPa (28.20 inHg),British Isles,None,None,[170],3
403,Bertha,"July 7–8, 2008",125 mph (205 km/h),952 hPa (28.11 inHg),"Bermuda, East Coast of the United States",3,Minimal,[171],3
404,Fred,"September 9–10, 2009",120 mph (195 km/h),958 hPa (28.29 inHg),Cape Verde Islands,None,None,[172],3
405,Karl,17-Sep-10,125 mph (205 km/h),956 hPa (28.23 inHg),"Belize, Yucatán Peninsula, Veracruz",22,,[173],3
406,Irene,24-Aug-11,120 mph (195 km/h),942 hPa (27.82 inHg),"Antilles, Bahamas, North Carolina, New Jersey, New York, Eastern Canada",,[174],,3
407,Rina,"October 25–26, 2011",115 mph (185 km/h),966 hPa (28.53 inHg),"Central America, Florida",None,,[175][176],3
408,Michael,6-Sep-12,115 mph (185 km/h),964 hPa (28.47 inHg),No land areas,None,None,[177],3
409,Sandy,24-Oct-12,115 mph (185 km/h),940 hPa (27.76 inHg),"Greater Antilles, Bahamas, United States East Coast",233,,[178][179][180],3
410,Edouard,16-Sep-14,120 mph (195 km/h),960 hPa (28.35 inHg),East Coast of the United States,2,Minimal,[181][182],3
411,Danny,21-Aug-15,125 mph (205 km/h),960 hPa (28.35 inHg),Lesser Antilles,None,None,[183],3
412,Gaston,"August 28–31, 2016 †",115 mph (185 km/h),962 hPa (28.41 inHg),Azores,None,None,[184],3
413,Otto,24-Nov-16,115 mph (185 km/h),975 hPa (28.79 inHg),"Nicaragua, Costa Rica, Panama",23,,[185][186][187][188],3
414,Lee,27-Sep-17,115 mph (185 km/h),962 hPa (28.41 inHg),No land areas,None,None,[189],3
415,Ophelia,14-Oct-17,115 mph (185 km/h),959 hPa (28.32 inHg),"Azores, Portugal, Spain, Ireland, United Kingdom",3,,[190][191][192][193][194],3
416,Humberto,"September 17–19, 2019",125 mph (205 km/h),950 hPa (28.05 inHg),"Dominican Republic, Haiti, Cuba, The Bahamas, Florida, Bermuda",2,$25 million,,3
417,Epsilon,"October 21–October 22, 2020",115 mph (185 km/h),952 hPa (28.11 inHg),Bermuda,1,Minimal,[195],3
418,Zeta,28-Oct-20,115 mph (185 km/h),970 hPa (28.64 inHg),"Cayman Islands, Jamaica, Central America, Yucatán Peninsula, Gulf Coast of the United States, Southeastern United States, Mid-Atlantic, New England",9,$4.4 billion,,3
419,Grace,20-Aug-21,120 mph (195 km/h),967 hPa (28.56 inHg),"Lesser Antilles, Greater Antilles, Yucatán Peninsula, Central Mexico",15,$513 million,,3
420,Larry,"September 4–8, 2021",125 mph (205 km/h),955 hPa (28.20 inHg),"Bermuda, Newfoundland",7,$80 million,,3
421,"""Cuba""",19-Oct-24,165 mph (270 km/h),910 hPa (26.87 inHg),"Central America, Mexico, CubaFlorida, The Bahamas",90,,[12][13],5
422,"""San Felipe IIOkeechobee""","September 13–14, 1928",160 mph (260 km/h),929 hPa (27.43 inHg),"Lesser Antilles, The BahamasUnited States East Coast, Atlantic Canada",4000,$100 million,[14],5
423,"""Bahamas""","September 5–6, 1932",160 mph (260 km/h),921 hPa (27.20 inHg),"The Bahamas, Northeastern United States",16,,[15],5
424,"""Camagüey""","November 5–8, 1932",175 mph (280 km/h),915 hPa (27.02 inHg),"Lesser Antilles, Jamaica, Cayman IslandsCuba, The Bahamas, Bermuda",3103,$40 million,[16],5
425,"""Cuba–Brownsville""",30-Aug-33,160 mph (260 km/h),930 hPa (27.46 inHg),"The Bahamas, Cuba, FloridaTexas, Tamaulipas",179,$$27.9 million,[17],5
426,"""Tampico""",21-Sep-33,160 mph (260 km/h),929 hPa (27.43 inHg),"Jamaica, Yucatán Peninsula",184,$5 million,[18],5
427,"""Labor Day""",3-Sep-35,185 mph (295 km/h),892 hPa (26.34 inHg),"The Bahamas, Florida, GeorgiaThe Carolinas, Virginia",408,,[19],5
428,"""New England""","September 19–20, 1938",160 mph (260 km/h),940 hPa (27.76 inHg),"Eastern United States, Southwestern Quebec",682,$306 million,[20],5
429,Carol,3-Sep-53,160 mph (260 km/h),929 hPa (27.43 inHg),"Bermuda, New England, Atlantic Canada",5,$2 million,[21],5
430,Janet,"September 27–28, 1955",175 mph (280 km/h),914 hPa (26.99 inHg),"Lesser Antilles, Central America",1023,$65.8 million,[22],5
431,Esther,17-Sep-61,160 mph (260 km/h),919 hPa (27.14 inHg),East Coast of the United States,7,$6 million,[23],5
432,Hattie,31-Oct-61,165 mph (270 km/h),914 hPa (26.99 inHg),Central America,319,$60.3 million,[24][25],5
433,Inez,"September 28–29, 1966",165 mph (270 km/h),927 hPa (27.37 inHg),"Greater Antilles, Florida, Mexico",756,$229 million,[26],5
434,Beulah,20-Sep-67,160 mph (260 km/h),921 hPa (27.20 inHg),"The Caribbean, Mexico, Texas",59,$208 million,[27],5
435,Camille,"August 16–18, 1969 †",175 mph (280 km/h),900 hPa (26.58 inHg),"Cuba, United States Gulf Coast",259,$1.42 billion,[28],5
436,Edith,9-Sep-71,160 mph (260 km/h),943 hPa (27.85 inHg),"The Caribbean, Central AmericaMexico, United States Gulf Coast",37,$25.4 million,[29],5
437,Anita,2-Sep-77,175 mph (280 km/h),926 hPa (27.34 inHg),Mexico,11,Extensive,[30],5
438,David,"August 30–31, 1979",175 mph (280 km/h),924 hPa (27.29 inHg),"The Caribbean, United States East coast",2068,$1.54 billion,[31][32],5
439,Allen,"August 5–9, 1980 †",190 mph (305 km/h),899 hPa (26.55 inHg),"The Caribbean, Yucatán PeninsulaMexico, South Texas",269,$1.24 billion,[31][33][34],5
440,Gilbert,"September 13–14, 1988",185 mph (295 km/h),888 hPa (26.22 inHg),"Jamaica, Venezuela, Central AmericaHispaniola, Mexico",318,$7.1 billion,[35][36],5
441,Hugo,15-Sep-89,160 mph (260 km/h),918 hPa (27.11 inHg),"The Caribbean, United States East Coast",107,$10 billion,[28][37][38],5
442,Andrew,"August 23–24, 1992 †",175 mph (280 km/h),922 hPa (27.23 inHg),"The Bahamas, Florida, United States Gulf Coast",65,$26.5 billion,[28][39],5
443,Mitch,"October 26–28, 1998",180 mph (285 km/h),905 hPa (26.72 inHg),"Central America, Yucatán Peninsula, South Florida",19325,$6.2 billion,[40][41][42][43],5
444,Isabel,"September 11–14, 2003 †",165 mph (270 km/h),915 hPa (27.02 inHg),"Greater Antilles, BahamasEastern United States, Ontario",51,$5.37 billion,[28][44],5
445,Ivan,"September 9–14, 2004 †",165 mph (270 km/h),910 hPa (26.87 inHg),"The Caribbean, Venezuela, United States Gulf Coast",124,$23.3 billion,[28][45],5
446,Emily,16-Jul-05,160 mph (260 km/h),929 hPa (27.43 inHg),"Windward Islands, Jamaica, Mexico, Texas",17,$1.01 billion,[46],5
447,Katrina,"August 28–29, 2005",175 mph (280 km/h),902 hPa (26.64 inHg),"Bahamas, United States Gulf Coast",1836,$125 billion,[47],5
448,Rita,"September 21–22, 2005",180 mph (285 km/h),895 hPa (26.43 inHg),"Cuba, United States Gulf Coast",125,$12 billion,[48],5
449,Wilma,19-Oct-05,185 mph (295 km/h),882 hPa (26.05 inHg),"Greater Antilles, Central America, Florida",87,$29.4 billion,[49][50][51][52],5
450,Dean,"August 18–21, 2007 †",175 mph (280 km/h),905 hPa (26.72 inHg),"The Caribbean, Central America",45,$1.76 billion,[31][53][54],5
451,Felix,"September 3–4, 2007 †",175 mph (280 km/h),929 hPa (27.43 inHg),"Nicaragua, Honduras",133,$720 million,[55][56][57][58],5
452,Matthew,1-Oct-16,165 mph (270 km/h),934 hPa (27.58 inHg),"Antilles, Venezuela, ColombiaUnited States East Coast, Atlantic Canada",603,$15.1 billion,[59],5
453,Irma,"September 5–9, 2017 †",180 mph (285 km/h),914 hPa (26.99 inHg),"Cape Verde, The Caribbean, Virgin IslandsCuba, Florida",138,$64.8 billion,[60],5
454,Maria,"September 18–20, 2017 †",175 mph (280 km/h),908 hPa (26.81 inHg),"Lesser Antilles, Virgin Islands, Puerto RicoDominican Republic, Turks and Caicos Islands",3057,$91.6 billion,[61],5
455,Michael,10-Oct-18,160 mph (260 km/h),919 hPa (27.14 inHg),"Central America, United States Gulf Coast",74,$25.1 billion,[62],5
456,Dorian,"September 1–2, 2019",185 mph (295 km/h),910 hPa (26.87 inHg),"The Caribbean, The BahamasUnited States East Coast, Atlantic Canada, Greenland",84,$5 billion,[63],5
457,Lorenzo,29-Sep-19,160 mph (260 km/h),925 hPa (27.32 inHg),"Cabo Verde, Azores, Western Europe",19,$362 million,[64],5
